id,nombre,geoLatitud,geoLongitud,tipologia,distancia,arquitectos
2586,"Iglesia de Nuestra Señora de Monteolivete",39.45897180221362,-0.3587348133078586,"Edificio religioso",0.0,""
2219,"Parroquia Jesús Maestro",39.461711591883045,-0.36289545935071815,"Edificio religioso",0.4694644069988982,"José Antonio Corrales Gutiérrez, Ramón Vázquez Molezún"
2688,"Puente del Ángel Custodio",39.463387155413194,-0.35983712735802964,"Puentes",0.5000017549418146,"Arturo Piera (Ing.)"
2127,"Edificio Torre de Francia",39.4597960225098,-0.3524976574932087,"Edificio de viviendas",0.5432517858441555,"Rafael Mira Fornés, Quina Esparza Pedrol, Francisco Quiles Herrero, Julio Gómez-Perretta de Mateo"
2104,"Edificio GM Kapital",39.46080978836531,-0.3526004429039517,"Hotel, Colegio Mayor",0.5649032502975081,"Pepe Font Jimenez, Curro Mestre Jordá"
2308,"Colegio Nuestra Señora de Loreto",39.46353593763846,-0.3617648092319974,"Centro educativo",0.5702875514739565,"Luis Albert Ballesteros"
2135,"Ciudad de la Justicia",39.45424419111309,-0.3560713640004462,"Edificio administrativo",0.5732673474508223,"Alfredo Batuecas Torrego"
2144,"Edificio de viviendas L",39.45980375024791,-0.35147768206011587,"Edificio de viviendas",0.6298613330024254,"Óscar Tusquets Blanca"
2082,"Conservatorio superior de música Joaquín Rodrigo",39.453289501354234,-0.358226625364848,"Centro educativo",0.6333476325333536,"Ignacio Belenguer Zamit"
2271,"Edificio Jiménez de la Iglesia",39.464292157967215,-0.3617505458358145,"Edificio de viviendas",0.6457654725413733,"Juan José Estellés Ceba"
2146,"Centro de Desarrollo Turístico (CDT)",39.46481385208718,-0.3585118724955735,"Oficina",0.6498881861059912,"Miguel Martín Velasco, CB Arquitectes Associats"
2332,"Edificio Salom I",39.46329143866415,-0.36400329381400576,"Edificio de viviendas",0.6597553579665687,"Juan Francisco Guardiola Martínez"
2155,"Ciudad de las Artes y las Ciencias",39.45574559592239,-0.35194634392854324,"Museo",0.6843709674901274,"Santiago Calatrava Valls"
2207,"Edificio Pechicán",39.46005097339187,-0.3677932758625344,"Edificio de viviendas",0.7868789857641646,"Rafael Tamarit Pitarch"
2172,"Palau de la Música",39.46617872249443,-0.3604250542519755,"Espacio cultural",0.8144036003214863,"José María García de Paredes Barreda"
2399,"Antiguo Cuartel de Ingenieros",39.45650462852934,-0.3677595917436927,"Comisaría de policía, cuartel",0.8219373484261715,""
2084,"Edificio Corinna",39.45129095211755,-0.35975795442092184,"Edificio de viviendas",0.8585770849997114,"AIC Equip"
2183,"Edificios Siena",39.462506543081616,-0.3676899435861436,"Edificio de viviendas",0.863437085372427,"Emilio Giménez Julián"
2221,"Edificio Castelló Puchades",39.460750716174005,-0.36897858842616654,"Edificio de viviendas",0.901402173916939,"Ernesto Lavernia Ferrando, Eugenio Císcar Tur"
2689,"Pont de l´Assut d´Or",39.455106789221944,-0.3492159883040112,"Puentes",0.9233427055836748,"Santiago Calatrava Valls"
2103,"Conjunto Residencial Campos Elíseos IV",39.458879857319246,-0.3478105613956089,"Edificio de viviendas",0.9379182717043559,"Francisco Bargues Reinoso, Inmaculada Celda Mollá, Francisco Tornos Marzal, (NAC Arquitectos)"
2329,"Edificio García Suay",39.46513761431013,-0.36619884999234104,"Edificio de viviendas",0.9384254624272694,"Salvador Pascual Gimeno, Juan Francisco Guardiola Martínez"
2056,"Colegio de Educación Infantil y Primaria Les Arts",39.450740215860854,-0.3616445891363737,"Centro educativo",0.9487913875868135,"ERRE arquitectura"
2400,"Palacete Burgos (Casa del Médico)",39.46752526148437,-0.35860104716296703,"Casas",0.9511705965367586,"Javier Goerlich Lleó"
2192,"Banco de València (Antiguo Centro de mecanización de datos)",39.46739181762094,-0.3567411683631855,"Banco",0.9517770846771112,"Vicente Ramón Alcaide"
2496,"Iglesia parroquial de San Juan de la Ribera",39.46668486721523,-0.3536837030385166,"Edificio religioso",0.9610394151167319,"Jose Calvo Tomás, Juan Luis Calvo Catarineu"
2178,"Edificios Royo",39.46609689157087,-0.35232127728830204,"Edificio de viviendas",0.9647999749717251,"Antonio Maldonado Arenas, Juan E. Vernetta de los Santos"
2413,"CEIP Grupo Jaime Balmes",39.46128224028558,-0.36963340933216243,"Centro educativo",0.9702739625493216,"Eugenio López Aracil"
2391,"Instituto de Educación Secundaria Vicente Blasco Ibáñez (Antigua Escuela de Maestría Industrial)",39.463587948914515,-0.3684059429639101,"Centro educativo",0.9761082885502984,"Francisco Mora Berenguer"
2093,"Residencial Torres del Saler",39.45016431303607,-0.36099190232346234,"Edificio de viviendas",0.9983365697913367,"AIC Equip"
2242,"Grupo Residencial Puchades-Cubells (Balcón de Levante)",39.46562747592506,-0.3508998431231198,"Edificio de viviendas",1.0000596808310003,"Cayetano Borso di Carminati González, Rafael Contel Comenge"
2341,"Edificio Pascual II",39.466302492444136,-0.36563853548199504,"Edificio de viviendas",1.0078170095386245,"Miguel Martínez Ortega"
2415,"Centro municipal Aben al Abbar",39.46723699562937,-0.3529982248395214,"Edificio administrativo",1.042674412272456,"Antonio Martorell Trilles"
2258,"Edificio Pérez Romaní",39.46538130980305,-0.3678844855999675,"Edificio de viviendas",1.0606224914804117,"Luis Martínez-Feduchi"
2345,"Edificio Raimundo",39.467219887880304,-0.36545067709508305,"Edificio de viviendas",1.0833025903668254,"Miguel Martínez Ortega"
2388,"Edificio Pastor",39.46483988390292,-0.3692271273130688,"Edificio de viviendas",1.112246684733463,"Alfonso Garín Ortolá"
2378,"Edificio Gamón",39.46562213357195,-0.3684743385194613,"Edificio de viviendas",1.1162068976031831,"José Peris Martínez"
2349,"Edificio Navarro González",39.4624145128164,-0.37096668152763734,"Edificio de viviendas",1.1176975726466583,"Enrique Pecourt Betés"
2177,"Grupo Residencial Torres Pista de Silla",39.4522323511841,-0.368603226419453,"Edificio de viviendas",1.131121208584137,"Vicente M. Vidal Vidal, Luis Alonso de Armiño Pérez"
2068,"Escuela infantil Apóstol Santiago",39.46929484071372,-0.35813421750233604,"Centro educativo",1.1490268280196008,"Málek Murad Mateu, María García Vallcanera"
2687,"Puente de Aragón",39.46888023226137,-0.3627840152813964,"Puentes",1.155300797530183,"Arturo Monfort (Ing.), José Mª Burguera (Ing.), Gabriel Leyda (Ing.)"
2269,"Edificio Dicenta de Vera",39.46838664928483,-0.3647678968735371,"Edificio de viviendas",1.1679892161320966,"Julio Trullenque Sanjuan"
2236,"Grupo Residencial Villadesol Islas Canarias",39.46298429108923,-0.3461069525790492,"Edificio de viviendas",1.1723108158117677,"Ricardo Lorenzo García, Cayetano Borso di Carminati González, Rafael Contel Comenge"
2423,"Edificio Barona",39.46774903229776,-0.36632392889761545,"Edificio de viviendas",1.1734518465342696,"Javier Goerlich Lleó"
2304,"Edificio Illueca",39.46563974355513,-0.36934426403889187,"Edificio de viviendas",1.1744264703037608,"Luis Albert Ballesteros"
2352,"Edificio Esteban",39.46714669795532,-0.3676570492955413,"Edificio de viviendas",1.188679705582515,"Lorenzo Criado Oltra"
2286,"Edificio RENFE II",39.46962237261921,-0.3603001745744769,"Edificio de viviendas",1.191888773968143,"Fernando Ruiz Jaime"
2336,"Edificio Esteban Alberola",39.46102881420667,-0.37236827419012564,"Edificio de viviendas",1.1925739596677605,"Salvador Pascual Gimeno"
2333,"Edificio Valle-Aleixandre",39.46976330609506,-0.3564344539868688,"Edificio de viviendas",1.21610074083522,"Salvador Pascual Gimeno"
2611,"Iglesia de San Valero",39.46263747618771,-0.37210039694081015,"Edificio religioso",1.217670603087827,"Juan Bautista Pérez Castiel"
2180,"Edificio Edificaciones Civiles III",39.46815262609175,-0.35080335735743834,"Edificio de viviendas",1.2270928012149973,"Miguel Colomina Barberá, Beatriz Colomina Elías"
2276,"Torre de València (Edificio Gómez Trenor)",39.46910617384507,-0.3647818217031365,"Edificio de viviendas",1.2407069919071574,"Luis Gutiérrez Soto"
2464,"Gran Vía Marqués de Turia",39.46700172107975,-0.3688156583410899,"Espacio público",1.2434510707101243,""
2448,"Edificio Tatay",39.46804187101962,-0.36725318211074637,"Edificio de viviendas",1.245758467711178,"Manuel García Sierra"
2446,"Edificios Chapa",39.46858216915643,-0.3663497805408019,"Edificio de viviendas",1.252714798209095,"Antonio Martorell Trilles, Emilio Ferrer Gisbert, Carlos Carbonell Pañella"
2346,"Edificio Martí Alegre I",39.46889050270846,-0.3659092013565426,"Edificio de viviendas",1.2632203215544449,"Javier Goerlich Lleó, Juan Bautista Carles Llemosí"
2351,"Edificio Ortiz",39.46598063346914,-0.3704947936450903,"Edificio de viviendas",1.2753789067854324,"Lorenzo Criado Oltra"
2398,"Edificios Noguera II",39.465256431972485,-0.37166206116601935,"Edificio de viviendas",1.3114653144550528,"Francisco Almenar Quinzá"
2139,"Jardín Alfredo Candel",39.47068300482581,-0.3562743604512435,"Espacio público",1.3192442336091927,"Arancha Muñoz Criado, Eduardo de Miguel Arbonés"
2695,"Puente del Mar",39.470262681764574,-0.36370433454161644,"Puentes",1.3259878374301537,""
2427,"Edificio Peris",39.469045993792555,-0.36701792916077436,"Edificio de viviendas",1.326823156311387,"Carlos Carbonell Pañella"
2310,"Edificio Antolí",39.46914683978386,-0.366836191218803,"Edificio de viviendas",1.3280677160935368,"Javier Goerlich Lleó"
2324,"Edificios Peset y Llorca",39.46963826502189,-0.3657008835020157,"Edificio de viviendas",1.3282827625282778,"Mariano Peset Aleixandre"
2227,"Parroquia del Patriarca San José y Grupo Escolar La Anunciación",39.463986352724135,-0.3446801176522928,"Edificio religioso",1.3291816469320223,"Juan José Estellés Ceba"
2431,"Edificio Andrés",39.46874487297755,-0.3677100572281635,"Edificio de viviendas",1.332139338470398,"Manuel Peris Ferrando"
2362,"Edificio Orero-Esteban",39.464554576177385,-0.37258373983691717,"Edificio de viviendas",1.3412121066760343,"Adrián Llombart Alegret"
2467,"Iglesia de los Dominicos",39.468025349930365,-0.3692038344981513,"Edificio religioso",1.349504396657547,"Joaquín Mª Arnau Miramón, Francisco Almenar Quinzá"
2443,"Polideportivo Juan Antonio Samaranch y Parroquia Mártires Valencianos (Antigua Fábrica S.A. Cros)",39.45557987342819,-0.3435519713985635,"Instalación deportiva",1.356968845283406,""
2254,"Edificio Mifsud",39.46621896373697,-0.37149514922465304,"Edificio de viviendas",1.3599149407421718,"Joaquín García Sanz"
2275,"Edificio Illueca II",39.465032391159816,-0.3726894012283846,"Edificio de viviendas",1.3745101762316079,"Luis Albert Ballesteros"
2425,"Mercado de Colón",39.46895273682901,-0.368361374409161,"Mercado, Feria",1.3837081838274856,"Francisco Mora Berenguer"
2210,"Edificio Plaza de América",39.470373272630084,-0.36554774666141376,"Edificio de viviendas",1.3961848098041927,"GO.DB. Arquitectos asociados"
2272,"Edificio Bacharach",39.46820383674218,-0.36978641585036337,"Edificio de viviendas",1.3978228904481627,"Luis Gutiérrez Soto"
2392,"Edificio Coll",39.468751621356894,-0.36918012425733987,"Edificio de viviendas",1.409475097264014,"Lorenzo Criado Oltra"
2120,"Centro de Investigación Príncipe Felipe",39.452742400280655,-0.3443837656990748,"Oficina",1.413471961461374,"Ramón Esteve Cambra"
2543,"Cuarteles de San Juan de la Ribera",39.4715023000957,-0.361975645276309,"Comisaría de policía, cuartel",1.4208308302987556,""
2397,"Edificio Candela",39.468919201026516,-0.36929079036755175,"Edificio de viviendas",1.429902272969468,"Carlos Carbonell Pañella"
2405,"Edificio Bernardo Gómez",39.469155791289886,-0.3690507155714469,"Edificio de viviendas",1.4375607844784193,"Vicente Rodríguez Martín"
2469,"Edificio Ortega",39.46546973396812,-0.37321699898091587,"Edificio de viviendas",1.4379668416105427,"Manuel Peris Ferrando"
2429,"Edificio Tamarit-Navarro",39.46638447005776,-0.372559344582017,"Edificio de viviendas",1.4449443809036397,"Pascual Herrero Ripoll (maestro de obras), Ramón Lucini Callejo"
2472,"Edificio Cortina Pérez",39.470393648243885,-0.36698445045965433,"Edificio de viviendas",1.454151179606491,"José Mª Manuel Cortina Pérez"
2312,"Edificio Esteban Martínez",39.47013517122034,-0.36766910722077156,"Edificio de viviendas",1.4591359958683467,"Luis Albert Ballesteros"
2460,"Edificio Francisco Sancho",39.46528909103121,-0.3737712208711698,"Edificio de viviendas",1.4695911515342186,"Demetrio Ribes Marco"
2461,"Edificio Ferrer",39.467199046564176,-0.372206248194104,"Edificio de viviendas",1.474564030747415,"Vicente Ferrer Pérez"
2285,"Edificio Volta",39.46859303194388,-0.3705902181175564,"Oficina",1.4765904827940415,"Fernando de Urrutia Usaola"
2273,"Edificios Pasaje Ruzafa (Edificaciones Civiles I)",39.4657554431422,-0.3735932302270228,"Edificio de viviendas",1.481895470903336,"Miguel Colomina Barberá"
2307,"Edificio Salom II",39.46700739184805,-0.3725592607436722,"Edificio de viviendas",1.485535943693852,"Juan Francisco Guardiola Martínez"
2532,"Hotel Palau de la Mar (Antiguos edificios González y García)",39.47091274107034,-0.3666509736160736,"Hotel, Colegio Mayor",1.491567234379005,"Lucas García Cardona"
2182,"Edificio Suay-Grancha",39.46501461148148,-0.374304967347465,"Edificio de viviendas",1.4960454619754346,"Camilo Grau García"
2303,"Edificio Patuel-Longas",39.4652654220849,-0.37422872105476906,"Edificio de viviendas",1.502979241199798,"Javier Goerlich Lleó"
2148,"Instituto de formación profesional Ausiàs March",39.447735711993744,-0.36854623643975354,"Centro educativo",1.5068560902593848,"Vetges Tu i Mediterrània SLP"
2243,"Archivo del Reino",39.47222173245193,-0.36249520520806877,"Edificio administrativo",1.508273538750848,"Juan Segura de Lago"
2389,"Edificio Cortina III",39.47015319985205,-0.368826512450414,"Edificio de viviendas",1.5153665465765944,"José Mª Manuel Cortina Pérez"
2528,"Cine Metropol (Antiguo Edificio Botella)",39.468503008797285,-0.37145653060394646,"Espacio cultural",1.5218111124497478,"Gaspar Latorre Vidal"
2489,"Espacio de oficinas y comercios (Antigua Fábrica Industrias Aceiteras Casanova)",39.462873084291815,-0.34168170104884943,"Oficina",1.5269109943969135,""
2230,"Colegio Territorial de Arquitectos de Valencia",39.46849642270927,-0.3716881928416491,"Oficina",1.5356401023372193,"Filiberto Crespo Samper, Emilio Rieta López, Rafael Tomás Carrascosa, Cándido Orts Bayarri"
2305,"Edificio Limorte",39.46806629521908,-0.3724556858098713,"Edificio de viviendas",1.5524329046006469,"Luis Albert Ballesteros"
2350,"Grupo Residencial Agentes Comerciales. Sección A",39.464984291029225,-0.3751762046812471,"Edificio de viviendas",1.5617858687964725,"Emilio Artal Fos, José Luis Testor Gómez, Angel Romaní Verdeguer"
2486,"Edificio Cortina II (Casa de los Dragones)",39.47013988939046,-0.3697881305749229,"Edificio de viviendas",1.5628500824160119,"José Mª Manuel Cortina Pérez"
2411,"Hotel Westin (Antigua Industria Lanera Valenciana)",39.47299387817809,-0.36126020295294164,"Hotel, Colegio Mayor",1.5741823713302434,"Alfonso Garín Ortolá"
2168,"Tesorería General de la Seguridad Social (Antigua sede de Promobanc)",39.46987882324579,-0.37046433578072496,"Edificio administrativo",1.5763178567312148,"Antonio Escario Martínez, José Antonio Vidal Beneyto, José Vives Ferrero"
2501,"Edificio Cortina I",39.46757560200324,-0.3733514143163802,"Edificio de viviendas",1.577890844803729,"José Mª Manuel Cortina Pérez"
2284,"Edificio Iranzo-Jordá",39.46952319954995,-0.371106370380326,"Edificio de viviendas",1.5825488113903068,"José E. Zanón Galán"
2298,"Edificio Ruiz Andrés",39.46926882537116,-0.37147129817660024,"Edificio de viviendas",1.5831664258877216,"Javier Goerlich Lleó"
2281,"Edificio FEYCU",39.46887566483489,-0.3720013614357127,"Edificio de viviendas",1.5842340009325033,"Antonio Gómez Davó"
2287,"Grupo Residencial Federico Mayo",39.4654532939776,-0.3422636030767257,"Edificio de viviendas",1.5870872103816527,"Javier Goerlich Lleó"
2263,"Edificio multiusos (Antigua sede de la Compañía Valenciana de Cementos Portland)",39.470162333709446,-0.3702110551938382,"Oficina",1.5871110444711807,"Rafael Soler Boix, Vicente Valls Abad"
2533,"Edificio Barceló",39.46849814791194,-0.3725040596734177,"Edificio de viviendas",1.5872196883498326,"José Moltó Valor"
2201,"Edificio Vallcanera",39.4704268698294,-0.3699558126257907,"Edificio de viviendas",1.5969642788266467,"Vicente Valls Abad, Joaquín García Sanz"
2065,"Edificio Buenos Aires",39.46153537,-0.377065924,"Edificio de viviendas",1.5993302696364928,"Silvia Bronchales Alegre"
2421,"Edificio Albacar",39.471427716360544,-0.36810599934421395,"Edificio de viviendas",1.601708992997965,""
2382,"Edificio Belenguer (Casa Judía)",39.46477176594348,-0.3758595813965642,"Edificio de viviendas",1.6053638787113296,"Juan Francisco Guardiola Martínez"
2237,"Edificio Casas del Aire",39.471877937457016,-0.36729789270073265,"Edificio de viviendas",1.6124053556295166,"Eugenio Gutiérrez Santos"
2386,"Edificio Codes",39.46487629804318,-0.3759457134017562,"Edificio de viviendas",1.6168219163429498,"Emilio Artal Fos"
2229,"Edificio Rodrigo",39.469661331371995,-0.3715869047600706,"Edificio de viviendas",1.6217454542827308,"Luis Gay Ramos"
2516,"Edificio Ylario",39.469054490590175,-0.37243564492038406,"Edificio de viviendas",1.6248975216464692,"Lucas García Cardona"
2381,"Edificio Burguet",39.464995456261924,-0.3760181151438064,"Edificio de viviendas",1.6279093675278782,"Salvador Donderis Tatay"
2457,"Balneario de la Alameda (Antiguo Asilo de Lactancia)",39.47347053128426,-0.36210284858666847,"Balneario, Piscinas",1.6379045749932846,"Ramón Lucini Callejo"
2495,"Jardines y Palacete de Ayora",39.46837647844993,-0.34401457120551937,"Espacio público",1.6402601448523841,"Peregrín Mustieles Cano"
2426,"Centro Deportivo La Creu del Grau (Almacén de abonos José Campos Crespo)",39.46158719998233,-0.33992050595448486,"Instalación deportiva",1.6411759035348115,"Demetrio Ribes Marco"
2170,"Edificio Joaquina Frigola",39.470165505665655,-0.3712078903309744,"Edificio de viviendas",1.6418677710649106,"Enrique Roig Olmos, Francisco Nebot Miralles, Miguel Pecourt García"
2444,"Palacio de la Exposición",39.47347817859955,-0.3625641879182437,"Palacio",1.6461901620535178,"Francisco Mora Berenguer"
2189,"Edificio Gil Terrón",39.46820821744969,-0.3737235089576543,"Edificio de viviendas",1.6463446614912352,"Román Jiménez Iranzo"
2187,"Centro Comercial El Corte Inglés-Colón (Antiguo Galerias Preciados)",39.46946794945813,-0.3722709294430599,"Centro Comercial",1.6469438575343893,"Francisco Javier Feduchi Benlliure, Francisco Basso Virules"
2264,"Edificio Ripoll",39.466855098475804,-0.37501593523632737,"Edificio de viviendas",1.6498178655448943,"Javier Goerlich Lleó"
2080,"Edificio Porta de la Mar",39.47213290685421,-0.367909500826021,"Edificio de viviendas",1.661917661662501,"AIC Equip"
2204,"Edificio Iranzo",39.4734483525668,-0.36360050981933767,"Edificio de viviendas",1.6630256762176407,"Daniel Gamón Jara"
2523,"Casa Religiosas Oblatas",39.46849044641627,-0.37369852623607014,"Edificio religioso",1.66444482036877,"Lucas García Cardona"
2239,"Edificio Torres",39.47134863715542,-0.36986604169637866,"Edificio de viviendas",1.6754427680255668,"Daniel Gamón Jara"
2072,"Parque Central (1ª Fase)",39.457425695175196,-0.3781532639738837,"Espacio público",1.675960011201072,"Gustafson Porter + Bowman"
2526,"Colegio Notarial",39.468647486495776,-0.373713169982412,"Edificio de viviendas",1.676565999586643,"Joaquín Mª Belda Ibáñez"
2380,"Edificio Domingo",39.46543911928117,-0.3763769703569848,"Edificio de viviendas",1.6765923456117227,"Alfonso Garín Ortolá"
2416,"Hotel Palacio Santa Clara (Antiguo Edificio Niederleitner)",39.46837190132864,-0.3740499107285219,"Hotel, Colegio Mayor",1.6796002640809524,"Javier Goerlich Lleó"
2473,"Oficinas municipales (Antigua Fábrica de Tabacos)",39.47400913564139,-0.3614659713418833,"Patrimonio industrial",1.6884316519627807,"Celestino Aranguren Alonso, Ramón Lucini Callejo"
2686,"Puente de la Exposición",39.47321876873142,-0.36583741445632173,"Puentes",1.697468737180587,"Santiago Calatrava Valls"
2394,"Edificio RENFE I",39.46362818803166,-0.3776638867915527,"Edificio de viviendas",1.7055241101467071,"Francisco Alonso Martos"
2226,"Edificio Ciudadela",39.47282629151771,-0.36730822494606064,"Edificio de viviendas",1.7073185623171356,"GO.DB. Arquitectos asociados"
2617,"Palacio del Vizconde de Valdesoto",39.47117697245953,-0.3708105589218489,"Palacio",1.7077653782374398,""
2589,"Sede del Tribunal Supremo de Justicia de la Comunidad Valenciana",39.47180641209276,-0.3697117188575989,"Edificio administrativo",1.710163513238977,"Felipe Rubio y Mulet"
2088,"Edificio Moontels Ruzafa",39.467669740826736,-0.37521521683544595,"Hotel, Colegio Mayor",1.7137690840629856,"Francisco López Zarco"
2563,"Plaza de Toros",39.46666361936632,-0.376128979367639,"Plaza de toros",1.7208311067753908,"Sebastián Monleón Estellés"
2092,"Edificio multiusos",39.467855375542754,-0.3752826166670486,"Oficina",1.730248036292621,"Julio Lacomba Boix, Ramón Esteve Cambra"
2154,"Estaciones de Metrovalencia líneas L3, L4, L5 y L10",39.47363633482481,-0.36548465149358383,"Transporte",1.7305075772087293,"CB Arquitectes Associats, Carlos Meri Cucart, Lourdes García Sogo, Santiago Calatrava Valls, Mª José Bernabéu Valero (Grupo TYPSA)"
2377,"Edificio Carbajosa",39.467463143460236,-0.37578110750747706,"Edificio de viviendas",1.7415280815891432,"Luis Albert Ballesteros"
2313,"Edificio Vargues-Royo",39.46608150868944,-0.3768198855861986,"Edificio de viviendas",1.7422394108310384,"Miguel Martínez Ortega"
2557,"El Parterre",39.471889813034835,-0.37058713536498045,"Espacio público",1.7602516880862353,"Sebastián Monleón Estellés"
2195,"Edificio Novedades",39.4682171159672,-0.3754229997327275,"Edificio administrativo",1.763297087852521,"Rafael Tamarit Pitarch"
2301,"Edificio Pastor Fuertes",39.47424957511938,-0.36424656476440925,"Edificio de viviendas",1.7634679453950546,"Javier Goerlich Lleó"
2616,"Paseo de la Alameda",39.474207599129,-0.36479728016468355,"Espacio público",1.7722732305142155,""
2296,"Edificio Zaragozá-Riera",39.468368213589955,-0.3754870293039973,"Edificio de viviendas",1.777587768994789,"Manuel Cervera Aranda, Javier Goerlich Lleó"
2508,"Bankinter (Palacio de los Pescara)",39.47132435609747,-0.3719328813275812,"Banco",1.780516888730922,"Peregrín Mustieles Cano"
2367,"Edificio multiusos (Antiguo Cine Capitol)",39.46777156714047,-0.3761057441549886,"Espacio cultural",1.7835889829135911,"Joaquín Rieta Síster"
2577,"La Glorieta",39.47272283579652,-0.3694514480586893,"Espacio público",1.7844554591568644,"Manuel Serrano e Insa"
2432,"Edificio de oficinas (Sede Banco Sabadell)",39.469261824698165,-0.3746872774673604,"Oficina",1.7845320016779085,"Francisco Almenar Quinzá"
2335,"Edificio Villalba",39.46758515626712,-0.37632628055922757,"Edificio de viviendas",1.788262806152332,"Alfonso Garín Ortolá"
2604,"Banco de Sabadell (Palacio de los Condes de Peñalva)",39.47073250904554,-0.3731404037059001,"Banco",1.7998407007111688,""
2436,"Edificio Bigné",39.46948072050945,-0.37470410821857664,"Edificio de viviendas",1.801332874089274,"Demetrio Ribes Marco"
2199,"Edificio Martínez Hueso",39.47312517841708,-0.36898169902087413,"Edificio de viviendas",1.8029214253681292,"Juan José Estellés Ceba"
2203,"Edificio Gómez-Trenor",39.47030732373144,-0.3737645274759277,"Edificio de viviendas",1.8037180441988672,"Mauro Lleó Serret"
2315,"Edificio Vizcaino",39.468700746928796,-0.37559706164880796,"Edificio de viviendas",1.8071248739708652,"Cayetano Borso di Carminati González"
2343,"Edificio Sede de Caixabank (Antiguo Banco de Valencia)",39.4705406257666,-0.37354688917781514,"Banco",1.8087571543264511,"Javier Goerlich Lleó, Francisco Almenar Quinzá, Antonio Gómez Davó, Vicente Traver Tomás"
2463,"Estación del Norte",39.46686182797042,-0.3771818746517196,"Transporte",1.8103999014676249,"Demetrio Ribes Marco"
2316,"Edificio Más",39.46838972575559,-0.37596176762792033,"Edificio de viviendas",1.8120983035256262,"Manuel Cervera Aranda"
2434,"Edificio Pascual I",39.46968191918125,-0.3747046133921445,"Edificio de viviendas",1.8159570003747114,"Antonio Martorell Trilles"
2355,"Edificio Rodríguez Fornos",39.472303231967956,-0.37099576159015873,"Edificio de viviendas",1.8180393500113934,"Joaquín Rieta Síster"
2433,"Banco Mediolanum (Antiguo Edificio Tarín II)",39.47026799720854,-0.3740526683484168,"Banco",1.8184704379123942,"Vicente Rodríguez Martín"
2370,"Edificio de la Unión y el Fénix",39.46775174625922,-0.3767078660072823,"Edificio de viviendas",1.8258465832525437,"Enrique Viedma Vidal"
2250,"Edificio Santo Tomás de Villanueva",39.471317470933904,-0.3728041682883751,"Oficina",1.8284453394132691,"Juan José Estellés Ceba"
2214,"Green Building (Antiguo Banco de Bilbao)",39.47099129962796,-0.3734097034113041,"Edificio de viviendas",1.8366335374305012,"Francisco Hurtado de Saracho, Luis Albert Ballesteros"
2420,"Banco de España",39.47010647808233,-0.3746000877933675,"Banco",1.8406080750121998,"José de Astiz Bárcena"
2374,"Edificio Navarro Pérez",39.47298508400841,-0.3702244271793612,"Edificio de viviendas",1.8441237963827004,"Javier Goerlich Lleó"
2188,"Edificio Sales",39.47234524300528,-0.3715068323724355,"Edificio de viviendas",1.8475428581597262,"Julio Vila Liante, Juan E. Vernetta de los Santos, José I. Bedia Urbano"
2417,"Palacio de Comunicaciones (Antiguo Edificio de Correos y Telégrafos)",39.46948605632706,-0.37541850411533517,"Edificio administrativo",1.8488084807113907,"Miguel Ángel Navarro Pérez"
2249,"Banco Bilbao Vizcaya Argentaria. BBVA (Antiguo Banco Exterior de España)",39.47076111786977,-0.37394672909549875,"Banco",1.850335875556866,"Mariano Garrigues Díaz-Cañabate"
2390,"Edificio Telefónica",39.46902789609501,-0.37594609355983816,"Oficina",1.8529335542715049,"Santiago Esteban de Mora, Ignacio de Cárdenas Pastor"
2482,"Edificio Bolinches",39.472749358317536,-0.3708807965557038,"Edificio de viviendas",1.8531371711683071,"Manuel García Sierra"
2451,"Edificio Cort-Álvarez",39.47296397203982,-0.3704789743813593,"Edificio de viviendas",1.8539318402996652,"Luis Ferreres Soler, Antonio Gómez Davó"
2358,"Edificio Bertet",39.465242923857694,-0.37876182162575933,"Edificio de viviendas",1.8552992027734716,"Enrique Pecourt Betés"
2365,"Edificio Tortosa-Martínez Sala",39.4719910238562,-0.37233962513786917,"Edificio de viviendas",1.86002736213165,"Luis Albert Ballesteros"
2260,"Colegio Guadalaviar",39.4755014312195,-0.3552848289797561,"Centro educativo",1.861716745854757,"Fernando M. García-Ordóñez"
2487,"Edificio Bonaire",39.47252787722069,-0.3714772522624376,"Edificio de viviendas",1.862434077949641,"Joaquín Mª Arnau Miramón"
2470,"Edificios Trénor",39.472751805923636,-0.3712223688822317,"Edificio de viviendas",1.8700147194185444,"Antonio Martorell Trilles"
2584,"Teatro Principal",39.47065165931421,-0.3744603205307064,"Espacio cultural",1.8732522007036754,"Filippo Fontana, Salvador Escrig Melchor, Cristobal Sales, Juan Marzo"
2209,"Edificio Cámara de Comercio",39.47106228750018,-0.37399456524778263,"Oficina",1.877072098954001,"Luis Albert Ballesteros"
2546,"Calle de la Paz",39.47292667910603,-0.37116790382086506,"Espacio público",1.883326365730588,"Manuel Sorní Grau, Juan Mercader, Luis Ferreres Soler, Joaquín Mª Arnau Miramón"
2439,"Hotel Reina Victoria",39.47022875238021,-0.3751655039773732,"Hotel, Colegio Mayor",1.8858035350851692,"Luis Ferreres Soler"
2086,"Edificio Inmobiliaria Cabañal",39.46293085736766,-0.38015220120093746,"Edificio de viviendas",1.8906266309913122,"Curro Mestre Jordá, Pepe Font Jimenez"
2571,"Centre Cultural La Nau",39.471976567228666,-0.37293399819953243,"Museo",1.8912512779958865,"Joaquín Martínez, Timoteo Calvo Ibarra, Sebastián Monleón Estellés, Antonio Martorell Trilles"
2447,"Edificio Suay",39.46995780127687,-0.37562105746582797,"Edificio de viviendas",1.8956778756247161,"Francisco Mora Berenguer"
2672,"Antiguo Real Convento de Santo Domingo",39.47392082850585,-0.36941798594224357,"Edificio religioso",1.898448175195385,""
2549,"Edificio Pouet",39.473451699735854,-0.37047284143102704,"Edificio de viviendas",1.899392890973591,"Joaquín Bueso Martí"
2529,"Edificio J. Janini",39.472313195561945,-0.3726009831300388,"Edificio de viviendas",1.902001352485709,"Antonio Martorell Trilles"
2511,"Centro Cultural Bancaja",39.47364527989231,-0.37013092830034705,"Museo",1.9024146929401213,"Lucas García Cardona, Antonio Gómez Davó"
2220,"Edificio Julián I",39.47601741606673,-0.36081115322574303,"Edificio de viviendas",1.9037475938160504,"Emilio Giménez Julián"
2449,"Edificio Noguera I",39.47006901541619,-0.37566398223200503,"Edificio de viviendas",1.9064769135710078,"Francisco Mora Berenguer"
2481,"Edificio Gómez II",39.473095161468706,-0.37143941802700253,"Edificio de viviendas",1.9119890363553338,"Francisco Mora Berenguer"
2395,"Centro de Empleo, Emprendimiento e Innovación del Ayuntamiento de València (Antigua Harinera Levantina)",39.45845297078472,-0.33647395881703457,"Edificio administrativo",1.9120024108367824,"Eugenio López Aracil"
2256,"Edificio Nebot-Pellicer I",39.471503510778795,-0.37403890449229843,"Edificio de viviendas",1.9151239452293038,"Víctor Bueso Bellot"
2385,"Tesorería General de la Seguridad Social (Casa del Xavo)",39.468581480741605,-0.37728106378809945,"Edificio administrativo",1.917449121376402,"Enrique Viedma Vidal, Enric Sagnier i Villavechia"
2288,"Edificio Ortí Palanca",39.47338979907442,-0.37102486456444544,"Edificio de viviendas",1.9191974593231234,"Luis Gay Ramos"
2108,"Edificio Conde de Montornés",39.47374758573795,-0.3703652402102938,"Edificio de viviendas",1.922547766294869,"Pepe Font Jimenez, Curro Mestre Jordá"
2081,"Estación València Joaquín Sorolla (Estación provisional del AVE)",39.46026113436702,-0.3810866609367185,"Transporte",1.92426703897295,"Elvira Puchades Gimeno, Jorge Bernabéu Larena, (IDOM-ACXT)"
2344,"Edificio Santonja",39.4689128261682,-0.3771599664968551,"Edificio de viviendas",1.929689531497417,"Luis Albert Ballesteros"
2628,"Instituto Lluís Vives",39.468227008068084,-0.37777718357748574,"Centro educativo",1.9316760102791304,""
2228,"Confederación Hidrográfica del Júcar",39.47633240440902,-0.3578661650768551,"Edificio administrativo",1.9318504559349388,"Miguel Colomina Barberá"
2293,"Edificio Gil Adán II",39.470581233344774,-0.37547994555576364,"Edificio de viviendas",1.9320392174654173,"Joaquín Rieta Síster"
2387,"Plaza del Ayuntamiento",39.46979232531544,-0.37635333624786327,"Espacio público",1.9326625983089574,"Javier Goerlich Lleó"
2476,"Edificio Chapa",39.47271942880203,-0.37255260715664423,"Edificio de viviendas",1.9348887822271836,"Antonio Martorell Trilles"
2383,"Edificio Jerusalén",39.46462785246453,-0.3801590538861836,"Espacio cultural",1.9437839667146846,"Salvador Donderis Tatay"
2627,"El Patriarca (Real Colegio del Corpus Christi)",39.47255221900313,-0.373064357147349,"Edificio religioso",1.9476769090955808,"Guillem del Rey"
2379,"Edificio Gómez-Trenor (Antiguo Edificio Banco Vitalicio de España)",39.46917946184535,-0.37721792818934563,"Edificio de viviendas",1.9508671564282383,"Lluís Bonet i Garí, Javier Goerlich Lleó"
2224,"Edificio Vicomán",39.47158260896869,-0.3745650225173858,"Edificio de viviendas",1.9526893119616118,"Vicente Valls Abad, Joaquín García Sanz"
2475,"Edificio Gómez I",39.47327413762312,-0.3721836613066349,"Edificio de viviendas",1.9652062799792867,"Francisco Mora Berenguer"
2607,"Archivo Histórico Municipal (Palacio de Cervelló)",39.47425232269167,-0.37035293468868913,"Edificio administrativo",1.9701897607834773,""
2248,"Facultad de Filosofía y Ciencias de la Educación (Antigua Facultad de Derecho)",39.47663516714296,-0.36062667109130564,"Centro educativo",1.9707789984809523,"Fernando Moreno Barberá"
2216,"Instituto Sorolla",39.4673893492119,-0.338466087939105,"Centro educativo",1.9757652671204542,"José Ramón Azpiazu Ordóñez"
2484,"Edificio Josefa Sancho II",39.47331113454985,-0.37251685082924296,"Edificio de viviendas",1.9854459488818423,"Joaquín Mª Arnau Miramón"
2215,"Edificio Vicoman Rex (La Pirámide)",39.46881262828725,-0.37806815900964147,"Edificio de viviendas",1.9879411098820206,"GO.DB. Arquitectos asociados"
2359,"Ateneo Mercantil",39.47081094216926,-0.3761103385578521,"Espacio cultural",1.9894407399944816,"Juan de Zavala y Lafora, José Mª Rivas Eulate, Fernando Arzadún Ibarrarán"
2601,"Palacio de los Marqueses de Montortal",39.47452575827124,-0.3701948677683084,"Palacio",1.989726023437049,""
2619,"Iglesia de San Juan de la Cruz",39.47205233195872,-0.37456953085504247,"Edificio religioso",1.9907901057368589,"Alonso Orts, Luis Domingo"
2063,"IMSKE",39.45360447,-0.336523552,"Centro de salud",1.99815331409776,"Javier García-Solera Vera"
2605,"Instituto Valenciano de Finanzas (Palacio Boïl d´Arenós)",39.47260406072856,-0.37396381421595265,"Edificio administrativo",2.00170040349514,""
2554,"Edificio Oliag",39.47493886821633,-0.36956897268562067,"Edificio de viviendas",2.0042916561436215,"Sebastián Monleón Estellés"
2497,"Edificio Martorell",39.47318626402337,-0.3730977431194602,"Edificio de viviendas",2.0045920425486874,"Antonio Martorell Trilles"
2588,"Ayuntamiento",39.469894559377764,-0.37737462000257876,"Edificio administrativo",2.0088682213538864,""
2223,"Edificios Alameda",39.4761896708276,-0.36583496674020966,"Edificio de viviendas",2.0092115083344964,"Miguel Colomina Barberá"
2485,"Edificio Camaña Laymón",39.47344170031144,-0.3727675201766987,"Edificio de viviendas",2.0099452023453024,"José Camaña Laymón"
2334,"Edificio Rialto",39.47099243534065,-0.3762380349066944,"Espacio cultural",2.0110277023231657,"Cayetano Borso di Carminati González"
2159,"Delegación Territorial de la O.N.C.E",39.464288619973665,-0.3811447241907035,"Oficina",2.0126380806245754,"Juan Blat Pizarro, Mª José Tatay Romeu"
2474,"Edificio Aznar",39.471783114059676,-0.375337254985725,"Edificio de viviendas",2.0150874732473953,"Manuel García Sierra"
2234,"Edificio Moroder Gómez",39.474870443635446,-0.3701581604979682,"Edificio de viviendas",2.0215983214684576,"Miguel Fisac Serna"
2321,"Edificio Font de Mora",39.47108686986536,-0.37630136644245593,"Edificio de viviendas",2.0220726331920034,"Javier Goerlich Lleó"
2136,"Colegio de Abogados de València",39.475221022398394,-0.3695649067353739,"Oficina",2.0319752832636477,"Ignacio Bosch Reig, Carlos Campos González, Vicente Corell Farinós, Vicente Mas Llorens"
2368,"Barrio de San Cristobal",39.46311227884487,-0.3356643185369133,"Edificio de viviendas",2.033382312862027,"Cayetano Borso di Carminati González"
2295,"Edificio García Ibánez",39.471427111749676,-0.37615801501554996,"Edificio de viviendas",2.038422998151789,"Ricard Roso Olivé"
2274,"Edificio Garcerán (Finca de Hierro)",39.468461258258614,-0.3790589209875896,"Edificio de viviendas",2.038994407341569,"Vicente Figuerola Benavent"
2309,"Edificio Roig-Vives",39.46793697034938,-0.37948113966267705,"Edificio de viviendas",2.041000300654015,"Javier Goerlich Lleó"
2322,"Edificios Serratosa",39.471712617206755,-0.37591824861510686,"Edificio de viviendas",2.0452281543028663,"Antonio Gómez Davó"
2283,"Grupo Residencial Isla Perdida",39.470901739794066,-0.3405739803681024,"Edificio de viviendas",2.0469997093197434,"José Fonseca Llamedo, Manuel Ruiz de la Prada, Juan Piqueras Menéndez, José Gómez Mesa, José M. Rodríguez Cano, Manuel Basterreche Lerdo de Tejada"
2590,"Palacio de los Marqueses de Dos Aguas",39.47264792400592,-0.3747402531526945,"Palacio",2.0494692834345196,"Luis Domingo, Hipólito Rovira, Ignacio Vergara"
2595,"Iglesia de Santo Tomás y San Felipe Neri (Iglesia de la Congregación)",39.474087433607906,-0.3724645443850856,"Edificio religioso",2.0528264729875128,""
2342,"Hotel Casual (Antiguo Edificio Martí- Alegre II)",39.47139115895367,-0.3764333074506207,"Hotel, Colegio Mayor",2.053134723569864,"Javier Goerlich Lleó"
2559,"Edificio Morand",39.47388974336878,-0.37284379159283754,"Edificio de viviendas",2.0538958303930794,"Ramón Mª Ximénez Cros"
2331,"Edificio Alonso",39.46797263666541,-0.37973798521970964,"Edificio de viviendas",2.0621900691745796,"Luis Albert Ballesteros"
2700,"Edificio Conde de Torrefiel",39.47086331662103,-0.3772350780537762,"Edificio de viviendas",2.066541560049166,"Cayetano Borso di Carminati González"
2205,"Edificio Puelles",39.474701645068116,-0.3715628335074858,"Edificio de viviendas",2.0668504130189134,"Cecilio Puelles González"
2326,"Edificios Senabre",39.46931125252806,-0.37878172922000636,"Edificio de viviendas",2.0696347048135513,"Cayetano Borso di Carminati González, José Luis Testor Gómez"
2268,"Agencia Tributaria. Delegación Especial de Valencia (Antiguo Edificio social del Banco de Vizcaya)",39.471866193017085,-0.376145807088847,"Edificio administrativo",2.071145194199997,"Eugenio Mª de Aguinaga Azqueta"
2408,"Hotel Inglés (Palacio de Cardona)",39.4730341958223,-0.3745626614555878,"Hotel, Colegio Mayor",2.0715051082750233,"Ricardo Cerdá Cardona"
2181,"Grupo Residencial Agentes Comerciales. Sección J (Edificio Iturbi)",39.45405064620214,-0.3820244220810318,"Edificio de viviendas",2.073040710381584,"Joaquín Hernández Martínez"
2058,"Facultad de Geografía e Historia (Antigua Facultad de Filosofía y Letras)",39.47746617280126,-0.3617834749155646,"Centro educativo",2.0730644089305263,"Fernando Moreno Barberá"
2624,"Centro de Arte Hortensia Herrero (Palacio de los Valeriola)",39.47391503845392,-0.37318202554021107,"Museo",2.073403088540047,""
2299,"Edificio Mora",39.469577727168755,-0.37862360920465266,"Edificio de viviendas",2.0750547283553282,"Juan Francisco Guardiola Martínez"
2562,"Edificio Castells",39.47277208966445,-0.3750923373076176,"Edificio de viviendas",2.0800166602777517,"Salvador Monmeneu Escrig"
2366,"Edificio Cervera",39.47176215552887,-0.3765013850385416,"Edificio de viviendas",2.085373244176906,"Joaquín Rieta Síster"
2348,"Edificio Llopis Crespo I",39.47042551405832,-0.37799765679989594,"Edificio de viviendas",2.087211980488868,"Ricard Roso Olivé"
2062,"Torre Iberia",39.44635,-0.376742,"Edificio de viviendas",2.088091406741955,"Vicente Corell Farinós, Joaquín Monfort Salvador, José Vicente Palacio Espasa, Alfonso Magraner del Val"
2175,"Edificio Puig",39.470656414695256,-0.37779696166840215,"Edificio de viviendas",2.089454866322134,"Luis Casado Martín, Vicente Colomer Sendra, Vicente Alcácer García"
2430,"Edificios Blanco",39.4750012659305,-0.3714788069279869,"Edificio de viviendas",2.0913363315665388,"Vicente Rodríguez Martín"
2428,"Edificio Marqués de Valero de Palma",39.47333382006752,-0.37446684742167463,"Edificio de viviendas",2.091445699942768,"José Camaña Laymón"
2452,"Edificio Barros",39.47302296642131,-0.3749410736079314,"Edificio de viviendas",2.0920223859756875,"Antonio Martorell Trilles"
2319,"Espai Vives (Antiguo Colegio Mayor Lluís Vives)",39.47783035121761,-0.358641013040369,"Espacio cultural",2.096990431360884,"Javier Goerlich Lleó"
2289,"Edificio Merle",39.46905502377553,-0.37938640626115006,"Edificio de viviendas",2.097630674419807,"Ignacio de Cárdenas Pastor"
2670,"Iglesia y Monasterio de San Vicente de la Roqueta",39.464507424420795,-0.38210065891423145,"Edificio religioso",2.098226800537133,""
2663,"Iglesia del Milagro y Hospital de Pobres Sacerdotes",39.47436419421838,-0.3728909577727505,"Edificio religioso",2.0990736359022697,""
2701,"Edificio March",39.47150866007898,-0.37701696877057195,"Edificio de viviendas",2.099135700802505,"Cayetano Borso di Carminati González"
2074,"Edificio oficinas MSC",39.453748701323626,-0.33521215485608236,"Oficina",2.1013809130188075,"AIC Equip"
2678,"Iglesia de San Juan del hospital",39.474361610394105,-0.3729802619309992,"Edificio religioso",2.1032871716302526,""
2609,"Iglesia de Santa María del Mar",39.460736874421215,-0.334314443346701,"Edificio religioso",2.105662386113389,"Francisco Martí"
2375,"Edificio Bianqui-Gras",39.47169107262884,-0.3770257555969418,"Edificio de viviendas",2.1132191545356864,"Javier Goerlich Lleó"
2515,"Edificio Pasaje Ripalda",39.4722542191215,-0.3763542466270631,"Edificio de viviendas",2.114006759104894,"Joaquín Mª Arnau Miramón"
2241,"Edificio Ros",39.47057486013465,-0.3782459680548714,"Edificio de viviendas",2.1142314915882667,"Pablo Navarro Alvargonzalez, Julio Trullenque Sanjuan"
2364,"Edificio Gil Adán I",39.47214004409631,-0.37652863327527897,"Edificio de viviendas",2.11593866228015,"Joaquín Rieta Síster"
2422,"Edificio Olympia",39.47084934640666,-0.37807884556134774,"Edificio de viviendas",2.121744693508345,"Vicente Rodríguez Martín"
2694,"Puente del Real",39.47642589738116,-0.368729531763825,"Puentes",2.1219834692867665,"Guillem Salvador, Jeroni Negret, Francesc Antón, Joan Pascual"
2488,"Petit Palace Plaza de la Reina (Antiguo Edificio Calabuig)",39.47312578555188,-0.37533262156654995,"Hotel, Colegio Mayor",2.122984044817021,"Luis Ferreres Soler"
2625,"Palacio del Barón de Terrateig",39.47557653943709,-0.37098902330985195,"Palacio",2.124989430773617,""
2665,"Iglesia de San Agustín",39.46868082613799,-0.3800791643063957,"Edificio religioso",2.1267105187052,""
2196,"Torre de Ripalda (La Pagoda)",39.47716493958434,-0.3664239547330224,"Edificio de viviendas",2.127936894555899,"Antonio Escario Martínez, José Antonio Vidal Beneyto, José Vives Ferrero"
2347,"Edificio Roca",39.47132527756102,-0.37768452377549205,"Edificio de viviendas",2.1291068638585453,"Vicente Valls Gadea"
2556,"Lo Rat Penat (Palacio de los Barones de Alaquás)",39.474722453206525,-0.3728545004911049,"Palacio",2.129896326784054,""
2558,"Jardín de Monforte",39.47751462347854,-0.36497443350468334,"Espacio público",2.1302992081195145,"Sebastián Monleón Estellés"
2279,"Edificio Gil Colomer",39.46907919645637,-0.37982293772712383,"Edificio de viviendas",2.1308128201344667,"Luis Albert Ballesteros"
2186,"Edificio Santo Domingo",39.47596644991393,-0.37039275013404227,"Edificio de viviendas",2.138338627743762,"Joaquín Lleó Morugán"
2602,"Palacio de los Condes de Almansa",39.47497974387935,-0.3726645872241057,"Palacio",2.1443486035188917,""
2314,"Edificio Gil-Tecles",39.471951902486,-0.3772188083039063,"Edificio de viviendas",2.144966843519968,"Joaquín Rieta Síster"
2165,"Aulario III de la Universitat de València",39.47828596465177,-0.3584077203780344,"Centro educativo",2.147820405387035,"Miguel Colomina Barberá, Ignacio Bosch Reig, Luis Carratalá Calvo, Antonio Escario Martínez"
2222,"Edificio Atenas",39.47125034081545,-0.3781074303359547,"Edificio de viviendas",2.1516752744305916,"Vicente Figuerola Benavent, Facundo Martínez (interiorismo)"
2277,"Edificio Nebot II",39.469482260956475,-0.37982960633722895,"Edificio de viviendas",2.1552653531738613,"Víctor Bueso Bellot"
2553,"Palacio de Tremolar",39.47502199966113,-0.37285155849367907,"Palacio",2.157225128016063,"José Gisbert Berenguer"
2238,"Edificio Las Vegas",39.45746492462857,-0.38381195225752274,"Edificio de viviendas",2.159440316186922,"Vicente Figuerola Benavent, Facundo Martínez (interiorismo)"
2664,"Iglesia de San Martín",39.47323977027613,-0.375804054072792,"Edificio religioso",2.1596463131420145,""
2376,"Edificio Martí",39.47247767347075,-0.3768741026667907,"Edificio de viviendas",2.163334276365181,"Francisco Almenar Quinzá"
2667,"Baños del Almirante",39.47483736064198,-0.3733897281132396,"Museo",2.1667627823362134,""
2466,"Edificio Navarro Igual",39.472731896720354,-0.3766136472368808,"Edificio de viviendas",2.1671598654023008,"Luis Ferreres Soler"
2085,"Oficina bioclimática Mariano Cuber",39.464128302335084,-0.3343712803697935,"Oficina",2.1687335368468044,"César Ruiz-Larrea Cangas, Antonio Gómez Gutiérrez"
2233,"Grupo Residencial Torre Mediterránea",39.465867446969646,-0.3823885285880679,"Edificio de viviendas",2.1705462531903867,"Roberto Soler Boix, José Serra Arnándis"
2465,"Edificio Novella",39.47287778592414,-0.37648254430469674,"Edificio de viviendas",2.1707286555593965,"Antonio Martorell Trilles"
2340,"Edificio Llopis Crespo II",39.47233884415369,-0.3771829068612524,"Edificio de viviendas",2.171900045594773,"Ricard Roso Olivé, Julio J. Bellot Senent"
2071,"Centro de Idiomas de la UV",39.47548345786297,-0.34520946914920797,"Centro educativo",2.172311084735401,"Salvador Lara Ortega, Carlos Sánchez Hernández, (Arkitera SLP)"
2661,"Las Atarazanas del Grao",39.46133341213799,-0.3335691030762456,"Museo",2.176374440123016,""
2498,"Edificio Conejos",39.473064727464035,-0.37635834684542746,"Edificio de viviendas",2.178164690529278,"Antonio Martorell Trilles"
2505,"Edificio Josefa Sancho I (Antiguos Almacenes La Isla de Cuba)",39.47367806590019,-0.3755382617846693,"Edificio de viviendas",2.1805351597161513,"Lucas García Cardona"
2059,"Facultad de Psicología y Hospital Clínico Universitario",39.478599995439566,-0.3596833749155338,"Centro educativo",2.1840738026711963,"Fernando Moreno Barberá, Cayetano Borso di Carminati González"
2255,"Edificio Pascual Gimeno",39.46973078450261,-0.3800262674726656,"Edificio de viviendas",2.184477711215459,"Manuel Pascual Gimeno"
2089,"Residencia universitaria Damià Bonet",39.47531909699558,-0.3445947201509239,"Hotel, Colegio Mayor",2.1857457545183308,"Joan Francesc Chico Contijoch, Joan Mª Marco Cardona, Joan Carles Theilacker Pons, Carlos Coedo González"
2542,"Edificio La Gallera",39.47219777726274,-0.37758253249256046,"Espacio cultural",2.1864589110438497,"Manuel Ferrando Mora"
2503,"Edificio M. Sánchez de León",39.47335660647079,-0.3761568042933561,"Edificio de viviendas",2.189775473511263,"Lucas García Cardona"
2290,"Edificios Nebot I",39.47001766601926,-0.3798657444331548,"Edificio de viviendas",2.190682485677295,"Javier Goerlich Lleó"
2278,"Delegación del Ministerio de Economía y Hacienda",39.46879985847111,-0.38085449207105776,"Edificio administrativo",2.1908871771780607,"Luis Calvo Huedo, Francisco Echenique Gómez"
2659,"Conselleria de Hacienda y Modelo Económico (Palacio del Almirante)",39.47517495812919,-0.37329574637286267,"Edificio administrativo",2.19282477018372,""
2479,"Iglesia de la Concepción",39.44584004108317,-0.3396699845198263,"Edificio religioso",2.1935289219083445,"Francisco Mora Berenguer"
2541,"Hotel Caro (Palacio de los Marqueses de Caro)",39.4759014314062,-0.37194872859802075,"Hotel, Colegio Mayor",2.1978145434698937,""
2300,"Edificio Martí Cortina",39.47064610687852,-0.37939618963492466,"Edificio de viviendas",2.197951141053022,"Javier Goerlich Lleó"
2325,"Edificio Dasí",39.47255400811762,-0.37734606368308593,"Edificio de viviendas",2.1984979549571237,"Cayetano Borso di Carminati González"
2502,"Edificio P. Sánchez de León",39.47374137137024,-0.37584260061750935,"Edificio de viviendas",2.203146378663452,"Lucas García Cardona"
2323,"Edificio Campos-Calvet",39.4726593403094,-0.3774128482476992,"Edificio de viviendas",2.210713870347219,"Javier Goerlich Lleó"
2537,"Centre de Cultura Contemporània Octubre (El Siglo Valenciano)",39.47306583211136,-0.3769514879718021,"Espacio cultural",2.213919155549053,""
2096,"Residencia y centro de día AVAPACE",39.4726933522946,-0.34002766412046703,"Centro de salud",2.2151301912754415,"Iñigo Magro de Orbe, Paco Oria Montalt, Tania Magro Huertas, Gabriel García Carrillo"
2499,"Edificio Janini-Vela",39.47377553071472,-0.3760045459346226,"Edificio de viviendas",2.2152580089278637,"José Mª Manuel Cortina Pérez, Antonio Martorell Trilles"
2111,"Instituto de Investigación de la UV",39.474873574970154,-0.3431442342389398,"Oficina",2.217570283564839,"Salvador Lara Ortega, Carlos Sánchez Hernández, (Arkitera SLP)"
2419,"Edificio Gay",39.474992139621044,-0.37417209144347424,"Edificio de viviendas",2.2202165514106285,"Javier Goerlich Lleó"
2412,"Edificio Ramón Ferrer",39.47169381093601,-0.37887531642386973,"Edificio de viviendas",2.233911887335788,"Demetrio Ribes Marco"
2573,"Plaça Redona",39.473590694167505,-0.37659594620317727,"Espacio público",2.2345539890460455,"Salvador Escrig Melchor, et al."
2107,"Nuevo Hospital La Fe",39.44356640739671,-0.3754807806024633,"Centro de salud",2.236450432615899,"Aidhos Arquitec, Ramón Esteve Cambra"
2585,"El Temple",39.476674181181714,-0.3711856530883017,"Edificio religioso",2.239856976224609,"Miguel Fernández"
2600,"Palacio de los Carbonell Sanz de Bremond",39.47641113976023,-0.3719018956045328,"Palacio",2.244521168639039,""
2302,"Palacio Arzobispal",39.47533125611195,-0.3742470614569194,"Palacio",2.2543773227947006,"Vicente Traver Tomás"
2462,"Avenida del Oeste",39.471181832301966,-0.3797012233997512,"Espacio público",2.254494318475309,"Federico Aymamí Faura"
2454,"Centro de Salud Serrería (Antiguo Matadero del Cabanyal)",39.468298749344186,-0.33540671377436615,"Centro de salud",2.255229969116408,""
2458,"Edificio Tarín I",39.47166912026494,-0.3792470613085769,"Edificio de viviendas",2.2569821982382914,"Vicente Rodríguez Martín"
2494,"Plaza de la Reina",39.474651787899575,-0.3754411341606094,"Espacio público",2.257554727068133,""
2548,"Estación del Grao",39.45832495509202,-0.3323864478764765,"Transporte",2.26319683930034,"Domingo Cardenal"
2158,"Edificio Barchilla",39.47508218691011,-0.3748971449205289,"Edificio de viviendas",2.2658246129396926,"José Santatecla Fayos, Roberto Santatecla Fayos, Jorge Torres Cueco"
2677,"Iglesia de Santa Catalina",39.47412014787182,-0.3764832056544236,"Edificio religioso",2.2712323856988803,"Valero y Juan Bautista Viñes"
2137,"Museo Valenciano de la Ilustración y de la Modernidad (MUVIM)",39.46968623503607,-0.3813591973755863,"Museo",2.278484801866893,"Guillermo Vázquez Consuegra, Pedro Díaz Gil, Iñigo Casero Portugal"
2620,"Iglesia de San Esteban",39.47614479092795,-0.37324332453724024,"Edificio religioso",2.2797924655922928,"Guillem del Rey, Alonso Orts"
2064,"Habitat Torremalilla",39.44637540393046,-0.37980539530479174,"Edificio de viviendas",2.287943530131544,"Francisco Bargues Reinoso, Inmaculada Celda Mollá, Francisco Tornos Marzal, (NAC Arquitectos)"
2372,"Grupo Residencial Finca Roja",39.46348536908934,-0.3848000831745988,"Edificio de viviendas",2.2932597460328346,"Enrique Viedma Vidal"
2455,"Facultad de Medicina",39.479376810349564,-0.36296509135301674,"Centro educativo",2.2978068257008126,"José Luis Oriol Urigüen, Alfonso Fungairiño Nebot"
2169,"Jardín del Turia",39.47756167773803,-0.37047548314154255,"Espacio público",2.2996953457996554,""
2561,"Museo de la Ciudad (Palacio del Marqués de Campo)",39.476079168643565,-0.37383748669660444,"Museo",2.302017321524852,"Manuel Ferrando Mora"
2468,"Edificio del Punt de Ganxo",39.47592843662211,-0.3742914081798998,"Edificio de viviendas",2.310487245565692,"Manuel Peris Ferrando"
2213,"Edificio Lafarge",39.46421997052872,-0.3847961262545646,"Edificio de viviendas",2.312170318475572,"Vicente Figuerola Benavent, Facundo Martínez (interiorismo)"
2132,"Colegio de educación infantil y primaria Mare Nostrum",39.47164520302386,-0.337378297736594,"Centro educativo",2.312348108308033,"Manuel Portaceli Roig"
2414,"Edificio del Reloj",39.460133983763434,-0.33182459028113415,"Oficina",2.313871561167538,"Federico G. de Membrillera (Ing.)"
2638,"Museo del Colegio del Arte Mayor de la Seda",39.47084887107879,-0.38089579071184543,"Museo",2.3158687483019675,""
2676,"Catedral Basílica Metropolitana de Santa María",39.475617700653586,-0.37512950778533477,"Edificio religioso",2.3252050840636964,""
2253,"Grupo Residencial Stella Maris",39.452129305073285,-0.3330567509522046,"Edificio de viviendas",2.332204426370031,"Cayetano Borso di Carminati González, Rafael Contel Comenge"
2644,"Palacio de los Escrivá y Boil",39.47663925720378,-0.37343331023903825,"Palacio",2.3348095331644525,""
2518,"Paseo Blasco Ibáñez (Paseo València al Mar)",39.479252936645736,-0.3658120731279682,"Espacio público",2.3355522312295727,"Casimiro Meseguer"
2053,"Centro Arqueológico de L’Almoina",39.476233,-0.374315,"Centro arqueológico",2.3393612291402377,""
2121,"Instituto de educación secundaria El Grao",39.462500492131944,-0.331856504569499,"Centro educativo",2.3406034564638536,"Carlos Campos González"
2649,"Biblioteca Pública de València (Antiguo Hospital)",39.47031710892998,-0.3817458283834192,"Biblioteca",2.3438334919578954,""
2456,"Edificio Rectorado U.V. (Antigua Facultad de Ciencias)",39.479576593263104,-0.364501436303187,"Centro educativo",2.344010319179223,"José Luis Oriol Urigüen, Mariano Peset Aleixandre"
2190,"Grupo Residencial Torres de la Universidad",39.47995101936799,-0.3617462696823814,"Edificio de viviendas",2.3470611010672533,"Antonio Escario Martínez, José Antonio Vidal Beneyto, José Vives Ferrero"
2652,"Almudín",39.476569697760965,-0.37387956890017765,"Museo",2.3492851128667334,""
2535,"Edificio García Salelles",39.475569804726916,-0.37570655082714466,"Edificio de viviendas",2.35133344202243,"Vicente Perales Berdonces"
2339,"Fábrica de Harinas Belenguer",39.451714459122556,-0.3844650289932369,"Patrimonio industrial",2.3518698151840045,"Julio J. Bellot Senent"
2658,"Plaza del Mercado",39.47385261399061,-0.3783489562935697,"Espacio público",2.36068876682334,""
2613,"Real Basílica de Nuestra Señora de los Desamparados",39.476238149234085,-0.37482819669611656,"Edificio religioso",2.365287393016543,"Diego Martínez Ponce de Urrana"
2124,"Centro Cultural El Musical",39.46463189004611,-0.33214789301754877,"Espacio cultural",2.367614769208358,"Eduardo de Miguel Arbonés"
2587,"Palau Tamarit",39.471634184969645,-0.38090928041863165,"Edificio administrativo",2.367675919072071,""
2565,"Facultad de Ciencias Económicas, Jurídicas y Sociales UCV (Antiguo Seminario Conciliar)",39.477182491740415,-0.37313013993992145,"Centro educativo",2.372195897390148,"Timoteo Calvo Ibarra"
2581,"Casa Vestuario",39.47597171666042,-0.37545045803789967,"Edificio administrativo",2.3732144622974736,"José García"
2441,"Mercado Central",39.473545469782444,-0.37895148058979233,"Mercado, Feria",2.3744164818784554,"Alejandro Soler March, Francisco Guardia Vial"
2246,"Edificio Instituto de Hijas del Corazón de María",39.47267903192593,-0.38001228348121424,"Edificio de viviendas",2.378924700895906,"Miguel Colomina Barberá"
2373,"Edificio Cuadrado",39.469391992008106,-0.38294461405069175,"Edificio de viviendas",2.379454935959452,"Joaquín Rieta Síster"
2552,"Fundación Universitaria San Pablo-CEU (Palacio Marquesa de Colomina)",39.4766672003927,-0.37433342941267167,"Centro educativo",2.3800213094176472,"Manuel Ferrando Mora"
2569,"Iglesia de Nuestra Señora del Rosario",39.46484715589306,-0.3320380333689063,"Edificio religioso",2.3831549436802164,"Joaquín María Calvo Tomás"
2519,"Confederación Empresarial Valenciana (Antiguo Palacio del Barón de Ariza)",39.47753481016042,-0.37268693231463423,"Palacio",2.3864035745279644,"Antonio Ferrer Gómez"
2240,"Edificio Greco",39.47244092663451,-0.3804390612832419,"Edificio de viviendas",2.3904940089245676,"Vicente Figuerola Benavent, Facundo Martínez (interiorismo)"
2193,"Edificio Julián II",39.460565803130336,-0.3865169056142411,"Edificio de viviendas",2.3916799564473243,"Emilio Giménez Julián"
2435,"Tinglados del Puerto",39.46099980120072,-0.3309428614914132,"Patrimonio industrial",2.39657503721184,"José Mª Fuster (Ing.), Fausto Élio (Ing.)"
2642,"Lonja de mercaderes de la seda",39.47443067641355,-0.3783950203866176,"Museo",2.4089431872195703,"Pere Compte, Joan Ibarra"
2674,"Iglesia del Santísimo Cristo del Salvador",39.47723476260835,-0.3738395319000742,"Edificio religioso",2.409374748040528,""
2690,"Puente de Astilleros",39.45337258469111,-0.3315778894176248,"Puentes",2.4132497896436513,"Federico G. de Membrillera (Ing.), Luis Dicenta (Ing.)"
2646,"Instituto Valenciano de Vivienda S.A. (Palacio d´en Bou)",39.47526588253963,-0.37734435110490083,"Edificio administrativo",2.415489537416374,""
2262,"Edificio Edificaciones Civiles II",39.47322921039105,-0.3799846438335973,"Edificio de viviendas",2.4167801373625566,"Miguel Colomina Barberá"
2360,"Grupo Residencial Asocación de la Prensa Valenciana",39.48012985337159,-0.36533786348093356,"Casas",2.4199798937108876,"Enrique Viedma Vidal"
2265,"Jefatura Superior de Policía",39.46920116124258,-0.3837138014251936,"Comisaría de policía, cuartel",2.4273274124648445,"Javier Lahuerta Vargas"
2361,"Edificio Cánovas",39.476933026709574,-0.3750038190819824,"Edificio de viviendas",2.437028742977299,"Luis Albert Ballesteros"
2491,"Edificio Navarro",39.476222127550514,-0.3762846800102871,"Edificio de viviendas",2.4390195235075436,"Peregrín Mustieles Cano"
2131,"Edificio de viviendas para realojo II",39.47261149506655,-0.38099758219389296,"Edificio de viviendas",2.439791318766648,"Alfredo Payá Benedito, Carla Sentieri Omarrementeria"
2266,"Grupo Residencial Agentes Comerciales. Sección E",39.46858344301844,-0.3843261329123326,"Edificio de viviendas",2.4430761076449556,"Emilio Artal Fos"
2521,"Iglesia del Sagrado Corazón de Jesús",39.474913538808934,-0.37833569746142554,"Edificio religioso",2.444032505514877,"Joaquín Mª Belda Ibáñez"
2666,"Iglesia de los Santos Juanes",39.474214911104745,-0.37929108297108,"Edificio religioso",2.446764562987202,""
2354,"Edificio Rodrigo Farinós",39.46604936216179,-0.38574767717959046,"Edificio de viviendas",2.448874933969877,"Miguel Martínez Ortega"
2645,"Ermita de Santa Lucía",39.47054813100113,-0.383055283282142,"Edificio religioso",2.4527025844735975,""
2208,"Escuela Profesional Xavier (Antiguo Instituto Social de la Mujer)",39.478065546828766,-0.37307476683984747,"Centro educativo",2.4541542694091354,"Mauro Lleó Serret"
2267,"Edificio Primo Yufera",39.48061892236227,-0.3646338896984431,"Edificio de viviendas",2.4597347213498626,"Pablo Navarro Alvargonzalez, Julio Trullenque Sanjuan"
2525,"Palacio del Barón de Carcer",39.477935973466494,-0.37354196533003237,"Palacio",2.4621624017861925,"Joaquín Mª Belda Ibáñez"
2128,"Edificio de viviendas para realojo IV",39.472765476779855,-0.3812290751681959,"Edificio de viviendas",2.4659994099133113,"Enrique Fernández-Vivancos González, Juan Deltell Pastor, José Luis Delgado Urdanibia"
2480,"Conselleria de Presidencia (Palacio de Fuentehermosa)",39.47647503821182,-0.37653115296212214,"Edificio administrativo",2.4742027177600536,"Joaquín Mª Arnau Miramón"
2493,"Edificio Vicente Machí",39.47729549492432,-0.37514680302539466,"Edificio de viviendas",2.477124943248656,""
2653,"Palau de la Generalitat",39.47665006245228,-0.37638184872402974,"Edificio administrativo",2.4816958857122917,""
2660,"Convento e Iglesia de la Puridad",39.47699922807089,-0.3758259815923435,"Edificio religioso",2.4840825078143958,""
2338,"Edificio Zabala",39.46871250158037,-0.38478615554113904,"Edificio de viviendas",2.4848675510960514,"Luis Albert Ballesteros"
2610,"Museo de Bellas Artes de València",39.47923615072472,-0.3709803277240395,"Museo",2.486408195563626,"Juan Bautista Pérez Castiel"
2245,"Edificio Royo",39.478281361584195,-0.37353300708503706,"Edificio de viviendas",2.494740252101443,"Víctor Bueso Bellot, Julio J. Bellot Senent"
2634,"Palacio de los Lassala",39.476071494795825,-0.3775858255186072,"Palacio",2.496766960326177,""
2669,"Palacios de los Exarchs",39.4743435399861,-0.3799368174720747,"Palacio",2.4968059277738996,""
2079,"Casa Patio",39.446991638717506,-0.3340285336596088,"Casas",2.504851748100226,"José Luis Sáez Martínez, Francisco Vigueras Marín-Baldo"
2639,"Corts Valencianes (Palacio de Benicarló)",39.47787919395119,-0.37460098431003075,"Edificio administrativo",2.504997370901517,""
2536,"Edificio Z. Janini",39.475789107402875,-0.3782015465469178,"Edificio de viviendas",2.5078443501173364,"Antonio Martorell Trilles"
2631,"Diputació de València (Palacio de los Marqueses de Scala)",39.47708150597499,-0.37618875307779165,"Edificio administrativo",2.5099339420799276,""
2162,"Universitat de València. Campus dels Tarongers",39.47778851017891,-0.34240261281302425,"Centro educativo",2.518587514063936,"Carlos Salvadores Navarro"
2636,"Generalitat Valenciana. Sede administrativa (Palacio de los Catalá de Valeriola)",39.47763296947403,-0.3753677190430689,"Palacio",2.518780234700246,""
2232,"Edificios Cadahia",39.48130164770051,-0.3638349339649581,"Edificio de viviendas",2.521263763709917,"GO.DB. Arquitectos asociados"
2626,"Iglesia de San Lorenzo",39.477839623652685,-0.37503662693414136,"Edificio religioso",2.5218625462571604,""
2614,"Iglesia del Pilar",39.471536172008086,-0.38320507492351574,"Edificio religioso",2.522787839706278,"Pedro Leonart, Pedro Do, Francisco Giner"
2384,"Grupo Residencial La Previsora",39.45390705399728,-0.3874184886654375,"Casas",2.526197450243955,"Cayetano Borso di Carminati González"
2141,"Edificio Nave de Cristal",39.456799742053725,-0.3880481494469253,"Edificio de viviendas",2.5281920765774646,"José Manuel Sanjuan Rodríguez"
2679,"Jardines del Real (Jardines de Viveros)",39.48059029431794,-0.36785801374024635,"Jardín",2.528210420359825,""
2153,"Biblioteca de Ciencias Sociales Gregori Maians",39.47744392555183,-0.341512754790228,"Biblioteca",2.5306983963162946,"Giorgio Grassi, Juan José Estellés Ceba, Nuncio Dego, Juan Añón Gómez, Rafael Martínez Sanchez, Gemma Martín, Ramón Calvo Soto"
2693,"Puente de la Trinidad",39.47904296401566,-0.37267083629139836,"Puentes",2.532193854923827,""
2567,"Palacio de la Maestranza",39.477659673066114,-0.37561312220146803,"Palacio",2.533215595572009,"Salvador Monmeneu Escrig"
2643,"Diputació de València (Palacio de la Bailía)",39.477069302088495,-0.3766863995992205,"Edificio administrativo",2.534587720746323,""
2651,"Consell Jurídic Consultiu de la Comunitat Valenciana (Palacio de los Marqueses de Santa Bárbara)",39.47579543825809,-0.3787531903229468,"Edificio administrativo",2.540161158913332,""
2090,"Edificio GestValencia",39.47320168481777,-0.3819118628036344,"Edificio de viviendas",2.542059049607409,"Frédéric John Floquet, Mónica García Martínez"
2492,"Edificio EMT",39.476219623326394,-0.3782346236314007,"Transporte",2.5456027231461196,""
2098,"Nuevas Facultades de Magisterio y Ciencias Sociales",39.479825200351904,-0.34641603291234485,"Centro educativo",2.548518331987428,"AIC Equip"
2668,"Fundación Chirivella-Soriano (Palacio de Joan de Valeriola)",39.47468217178185,-0.3804760254952901,"Museo",2.556323478822212,""
2596,"Torre de San Bartolomé",39.477209333916136,-0.3769692285710403,"Edificio religioso",2.561728577800298,""
2530,"Edificios Sancho",39.47671890594015,-0.37777505325377514,"Edificio de viviendas",2.562341808360191,"Lucas García Cardona"
2438,"L’Escorxador del Cabanyal",39.46889210337847,-0.33193261767338844,"Edificio administrativo",2.5676239870069,""
2603,"Colegio Mayor Rector Peset (Palacio de los Martínez de Vallejo)",39.475709368499075,-0.3794613691212729,"Palacio",2.5747481258485054,""
2681,"Colegio Alemán",39.481839130570044,-0.3634557392300943,"Centro educativo",2.5748189963724815,"Dirección General de la Construcción Federal de Berlín (Mertz, Eberhard Becker, Dieter Weise y Peter Müller), Pablo Navarro Alvargonzalez, Julio Trullenque Sanjuan"
2129,"Edificio de viviendas para realojo III",39.472591983176315,-0.3830079221502032,"Edificio de viviendas",2.5759268507826416,"Vicente Bernat Oltra, Francisco J. Nieto Edo"
2591,"Colegio e Iglesia de las Escuelas Pías",39.473948629532245,-0.38167638282160976,"Centro educativo",2.579095387596429,"Blas del Espíritu Santo, José Puchol, Antonio Gilabert Fornés"
2671,"Iglesia de San Nicolás",39.47618068046659,-0.37895938038060906,"Edificio religioso",2.5837280385335,""
2640,"Palacio de los Centelles o Daya Nueva",39.47652469865244,-0.37845825249326176,"Palacio",2.583792590789511,""
2506,"Museo l´Iber (Palacio de los Malferit)",39.476748507765976,-0.3781331825327403,"Museo",2.5845758004887696,"Lucas García Cardona"
2592,"Museo de las Ciencias Médicas (Palacio de Cerveró)",39.47806112140503,-0.3761075132910665,"Museo",2.5941190868785857,""
2507,"CEE de parálisis cerebral infantil Cruz Roja (Antiguo Edificio Moroder)",39.48017598376514,-0.37148588125922066,"Centro educativo",2.5994622758206036,"Salvador Galiana Araquistán"
2510,"Colegio del Sagrado Corazón de Jesús",39.478725936801446,-0.37494383821537575,"Centro educativo",2.60015050253802,"Joaquín Mª Belda Ibáñez"
2570,"Palacio de los Marqueses de Llanera",39.47494383940325,-0.38089119916781994,"Palacio",2.6022253303492597,""
2635,"Iglesia del antiguo Convento de Santa María de Jesús",39.45958434001849,-0.3890693996652642,"Edificio religioso",2.605144677124584,""
2070,"Marina de Empresas",39.46218358579494,-0.32864082257100224,"Oficina",2.608117730773691,"ERRE arquitectura"
2306,"Edificio Alfonso",39.474631842557365,-0.38139272641889815,"Edificio de viviendas",2.6105911712042564,"Javier Goerlich Lleó"
2654,"Sede Unión de Cooperativas Agrícolas de Valencia (Palacio de los Marqueses de Mercader)",39.476703830001,-0.3787529600873636,"Palacio",2.615421374471122,""
2217,"Edificio Soler Palmero",39.48215470026984,-0.3639810135460155,"Edificio de viviendas",2.616858036182606,"Pablo Navarro Alvargonzalez, Julio Trullenque Sanjuan"
2524,"Edificios Triador (Antiguos Edificios Gascó)",39.472874990055516,-0.38337191491891737,"Edificio de viviendas",2.619710022616325,"Vicente Bochons Llorente"
2160,"Edificio Ángel Custodio",39.47760181516025,-0.3774523901658565,"Edificio de viviendas",2.6216224289483088,"Josep Lluís Ros Andreu"
2696,"Cruz del camino de Xàtiva",39.44798482702368,-0.385755244408232,"Cruces de término",2.6219435260118353,""
2560,"Palacio de los Queixal o de los Trenor",39.476404552074214,-0.379309395698987,"Palacio",2.622356899921335,"Sebastián Monleón Estellés"
2633,"Palacio de los Condes de Alpuente",39.47665851075897,-0.37904726759545215,"Palacio",2.628316275065155,""
2202,"Edificio Sierra Perenchiza",39.482370751022685,-0.36325927027443855,"Edificio de viviendas",2.630669501057478,"Camilo Grau García"
2156,"Escuela infantil Virgen del Carmen",39.47499447462678,-0.33616854880663194,"Centro educativo",2.6318587831353315,"Mª Jesús Rodríguez Ortiz, José Miquel Campos González, Pedro Pablo Campos González"
2648,"Real Monasterio de la Trinidad",39.48031144897076,-0.37221014034483657,"Edificio religioso",2.63977586531776,"Antoni Dalmau"
2151,"Centro de Salud Benimaclet",39.482716790673514,-0.35848107160192444,"Centro de salud",2.6404120829094135,"Carlos Salvadores Navarro"
2622,"Palacio de los Pascual Guillem",39.47757779104938,-0.3778656809221873,"Palacio",2.641421077754886,""
2539,"Edificio Alzamora",39.477278113714455,-0.3783931207310834,"Edificio de viviendas",2.644068420482184,"José Serra Sumi"
2572,"Conjunto Residencial La Puridad",39.47571305362497,-0.38073601963429865,"Edificio de viviendas",2.6518245666521834,"Antonino Sancho Arango"
2547,"Antiguo Palacio de los Fernández de Córdova",39.47654672418797,-0.37961819516660655,"Palacio",2.6519091513333874,"Salvador Monmeneu Escrig"
2599,"Sede de la Fundación Victoria Cano-Alejandro Agustín",39.47741632553461,-0.37832274763236984,"Museo",2.652083052568842,""
2564,"Centro Teatral Escalante",39.4772539839605,-0.3785957341308265,"Espacio cultural",2.6531459383251077,"Salvador Monmeneu Escrig"
2580,"Edificio de viviendas",39.47733464546726,-0.3784903521426806,"Edificio de viviendas",2.654235190774247,""
2582,"Edificio de viviendas",39.474341267235225,-0.38245139284737856,"Edificio de viviendas",2.658099680579059,""
2490,"Puerto y Marina de València",39.459633057648695,-0.3277404459491945,"Espacio público",2.6619117709086946,""
2297,"Edificio Castillo Arnedo (Portal de Valldigna)",39.477549404330695,-0.37842908283973015,"Edificio de viviendas",2.66931360460259,"Antonio Gómez Davó"
2685,"Pont de Fusta",39.479839938647785,-0.37415879062704066,"Puentes",2.6715723178492534,"Tomás Llavador Arquitectos+Ingenieros"
2100,"Edificio de viviendas protegidas. IVVSA IV",39.474370254691294,-0.3827723155315366,"Edificio de viviendas",2.6813149167809933,"Juan Deltell Pastor, Clara E. Mejía Vallejo"
2115,"Edificio de viviendas protegidas. IVVSA I",39.474941052959416,-0.38216797547545617,"Edificio de viviendas",2.683168820327004,"Roberto Santatecla Fayos, José Santatecla Fayos"
2327,"Edificio Valls",39.46600429293982,-0.32881000759070067,"Edificio de viviendas",2.685334487942056,"Javier Goerlich Lleó"
2251,"Grupo Residencial Virgen del Carmen",39.47454320318701,-0.3348174017608446,"Edificio de viviendas",2.6857453695502826,"GO.DB. Arquitectos asociados"
2231,"Grupo Residencial Mutua Levantina de Viajantes y Representantes",39.48276157373368,-0.3644432767486086,"Edificio de viviendas",2.690300694941655,"Vicente Valls Abad, Joaquín García Sanz"
2055,"Muralla andalusí",39.47845855122458,-0.3773935308114761,"Elemento defensivo",2.69451875726053,""
2662,"Puerta de Serranos",39.47926388477432,-0.3759960847810984,"Elemento defensivo",2.699376556010442,"Pere Balaguer"
2513,"Edificio Ros Ferrer",39.476319801434954,-0.381054115873494,"Edificio de viviendas",2.7187800225085974,"Salvador Galiana Araquistán"
2650,"Museo del Corpus (Casa de las Rocas)",39.479122979529734,-0.3767108767087772,"Museo",2.7206188175849815,""
2123,"Complejo educativo Velluters",39.47497433425328,-0.3827364916711846,"Centro educativo",2.7223640987268207,"Antonio Gomis Bernal, Ignacio Belenguer Zamit"
2320,"Complejo Abastos (Antiguo Mercado de Abastos)",39.46804006059079,-0.38824422070607406,"Centro educativo",2.726564413059709,"Javier Goerlich Lleó"
2184,"Torres del Turia",39.48086781233213,-0.3730442784959957,"Edificio de viviendas",2.727011687655363,"GO.DB. Arquitectos asociados"
2555,"Edificio Echeveste",39.4760758407003,-0.38164030103046975,"Edificio de viviendas",2.7355437960148343,"Joaquín María Calvo Tomás"
2522,"Casa de los Marqueses de González de Quirós (Palacio de Raga)",39.477766618431694,-0.3793377868739633,"Palacio",2.7377760819676005,""
2206,"Edificio Córdova",39.48333965059872,-0.36333094199650356,"Edificio de viviendas",2.7381511580272684,"Luis Marés Feliu"
2066,"Edificio Marqués de Cruilles",39.46154,-0.390498394,"Edificio de viviendas",2.741808632824179,"Curro Mestre Jordá"
2623,"Casa señorial (Antigua casa-taller de Joan de Joanes)",39.478239240266426,-0.3786894920741554,"Casas",2.743005429974804,""
2574,"Plaza de la Santa Cruz",39.4786135755681,-0.3780791392559385,"Espacio público",2.74361268184874,""
2544,"Centro Municipal de Servicios Sociales Ciutat Vella (Antiguo Mesón de Morella)",39.47777331026047,-0.37969135002118,"Edificio administrativo",2.7580427602909876,""
2161,"Edificios Lar",39.48243978803456,-0.36919913347432803,"Edificio de viviendas",2.7597839088429557,"Juan Añón Gómez, Rafael Martínez Sanchez"
2105,"Edificio de viviendas protegidas. IVVSA II",39.478319731863934,-0.37893185183265876,"Edificio de viviendas",2.763007322093648,"José María Lozano Velasco, Juan Ranchal Padilla"
2606,"Casa señorial (Antigua Casa Vella)",39.47892175699437,-0.37813720009751517,"Casas",2.7739569211651895,""
2509,"Jefatura de Policía de la Generalitat Valenciana (Antigua Estación de Santa Mónica)",39.481135300600926,-0.3735891408870541,"Comisaría de policía, cuartel",2.7747768294641726,"Joaquín Mª Belda Ibáñez"
2102,"Edificio de viviendas protegidas. IVVSA III",39.47593489633339,-0.3824514682141289,"Edificio de viviendas",2.7753396488713515,"José Luis Sáez Martínez, Francisco Vigueras Marín-Baldo"
2540,"Iglesia de Nuestra Señora del Puig",39.47705337174926,-0.3811054971877363,"Edificio administrativo",2.780286932057167,"Jose Calvo Tomás"
2593,"Universidad Internacional Menéndez Pelayo (Palacio de Pineda)",39.47889770211234,-0.3787078373903178,"Centro educativo",2.8015242193189125,""
2692,"Puente de Serranos",39.48070250012912,-0.37535262092176774,"Puentes",2.805965539550506,"juan Bta. Corbera"
2311,"Edificio Tomás",39.4720330063943,-0.3867069186822,"Edificio de viviendas",2.8062677325480996,"Salvador Rocafull Jáudenes"
2402,"Casa Taller en el Cabanyal",39.46939135359613,-0.32891101142747453,"Casas",2.8101771523906645,""
2142,"Edificio Nexus",39.47917726350538,-0.338927581017686,"Centro educativo",2.8175606027870788,"CB Arquitectes Associats"
2410,"Antiguos Astilleros Unión Naval de Levante",39.45202003930443,-0.327149028939575,"Patrimonio industrial",2.8198381840974633,"Justo González Garrido (ing.)"
2404,"Edificio Crespo-Pardos",39.468920011916595,-0.3284647408112112,"Casas",2.824194413834575,""
2396,"Casas Ferrer",39.46938558639212,-0.32872738626101733,"Casas",2.824282943747639,"Javier Goerlich Lleó"
2173,"Edificio Espai Verd",39.48405386840376,-0.35352717598376515,"Edificio de viviendas",2.824592652485355,"Antonio Cortés Ferrando, Alfonso Serrano Puig, Salvador Pérez Luján, Antonio Carrascosa Corella, (CSPT Estudio Arquitectura y Urbanismo)"
2149,"Edificio de viviendas para realojo I",39.47897510814297,-0.37909585143320246,"Edificio de viviendas",2.8287922610776928,"Eduardo de Miguel Arbonés"
2167,"Grupo Residencial UA-2",39.47869735892866,-0.37959187578225173,"Edificio de viviendas",2.831305261990785,"Juan Añón Gómez, Rafael Martínez Sanchez, Francisco Pina Alegre, Javier Esparza Beltrán, Emilio Giménez Julián, Vicente M. Vidal Vidal, Luis Alonso de Armiño Pérez, Vicente González Móstoles, Alejandro Pons Romani, Carlos Campos González, Emilio Sánchez García, Javier Pérez Igualda"
2318,"Universitat Politècnica de València. Campus de Vera",39.48163992818927,-0.3436521665380607,"Centro educativo",2.833629811530554,"L35 Arquitectos"
2680,"Refugios antiaéreos",39.47840178236218,-0.380097240961812,"Elemento defensivo",2.8337994507612696,""
2450,"Central Hidroeléctrica Española (Antigua Central térmica La Valenciana)",39.45532233779184,-0.39141701038321414,"Patrimonio industrial",2.835077488270879,""
2328,"Edificio Mascarell",39.472356065603456,-0.3869530131417662,"Edificio de viviendas",2.8429994191898342,"Víctor Bueso Bellot"
2403,"Casa Viguier Simó",39.474341651439495,-0.3322346434430713,"Casas",2.845290123648982,""
2647,"Puerta de Quart",39.475756879706246,-0.38391725803776644,"Elemento defensivo",2.855940343191509,"Francesc Baldomar"
2550,"Consell Valencià de Cultura (Palacio de Forcalló)",39.479376922150365,-0.379061880629468,"Edificio administrativo",2.8622751031045595,"Luis Peretto Santos"
2615,"Iglesia de Santa Úrsula",39.47609061750768,-0.383680038964186,"Edificio religioso",2.865074665541768,""
2551,"Colegio Gran Asociación",39.47992029420337,-0.3782233216764494,"Centro educativo",2.8678245061825756,"Sebastián Monleón Estellés"
2280,"Colegio Jesús-María",39.4727047323887,-0.38726743280113984,"Centro educativo",2.8863486486621914,"Agustín Borrell Sensat"
2500,"Edificio Costa",39.475522993825656,-0.3846541506701001,"Edificio de viviendas",2.8874708066318435,"Vicente Bochons Llorente"
2270,"Edificio Boluda",39.4803110020186,-0.37790848852750386,"Edificio de viviendas",2.887732634136566,"Antonio Gómez Davó"
2083,"Edificio San Ramón",39.47817385635198,-0.3814041374217332,"Edificio de viviendas",2.8888708893044823,"San Juan Arquitectura SL"
2675,"Centre del Carme e Iglesia de la Santa Cruz (Antiguo Convento del Carmen)",39.47973516695509,-0.3789686700024472,"Museo",2.8891347511479983,""
2176,"Edificio Cooperativa Benlliure",39.484810029286194,-0.35500979077386613,"Edificio de viviendas",2.8908165439576403,"Antonio Cortés Ferrando, Alfonso Serrano Puig, Salvador Pérez Luján, Antonio Carrascosa Corella, (CSPT Estudio Arquitectura y Urbanismo)"
2424,"Antiguo Varadero Público",39.4619510011513,-0.3252117572172137,"Oficina",2.8969416536301744,"José Mª Fuster (Ing.)"
2317,"Edificio Albert Burguet",39.47021798115398,-0.3892854539037754,"Edificio de viviendas",2.9054841155560123,"Luis Sancho Coloma"
2520,"Colegio Gran Asocación (Antiguo Salón de Racionistas)",39.48040798414192,-0.3781103324184796,"Centro educativo",2.9064789610757167,"Joaquín Mª Arnau Miramón"
2612,"Iglesia de Santa Mónica",39.48201058646183,-0.37474904717270047,"Edificio religioso",2.907295678684237,""
2445,"El Casinet. Sociedad Musical Unión de Pescadores",39.47213417369469,-0.3294294924502288,"Centro educativo",2.9104393458718283,"Juan Bautista Gosálvez Navarro"
2244,"Edificio Cuñat-Blanch",39.48194287796062,-0.3752206685139647,"Edificio de viviendas",2.9200662828754655,"Ricard Roso Olivé"
2164,"Polideportivo El Carmen",39.478908856277734,-0.3808784169126112,"Instalación deportiva",2.920210737453604,"José María Herrera García"
2110,"Edificio Esteve",39.47969363102417,-0.3797718607426964,"Oficina",2.9274634589700126,"Ramón Esteve Cambra"
2409,"Docks comerciales del Puerto de València",39.46277710744454,-0.3249495544471809,"Patrimonio industrial",2.931133059452191,"Víctor Gosálvez Gómez"
2575,"Complejo Deportivo-Cultural municipal de Patraix (Fábrica textil La Batifora)",39.45993181178607,-0.39297057502045074,"Instalación deportiva",2.941104424638993,""
2116,"Centro de Salud Guillem de Castro",39.47669768613067,-0.38416507132952166,"Centro de salud",2.941121996399922,"Carlos Campos González"
2440,"CEIP Santa Teresa (Antiguos Cines Caro)",39.47883850888725,-0.3814527771391061,"Centro educativo",2.946671231210572,"Vicente Ferrer Pérez"
2517,"Edificio Llosá (Corrala)",39.474833073552375,-0.38658625052316253,"Edificio de viviendas",2.9709580578795602,"Felipe García"
2527,"Fundación Universidad Católica de Valencia. Sede Marqués de Campo (Antiguo Asilo del Marqués de Campo)",39.4783447292381,-0.3825896306292806,"Centro educativo",2.9721139735136433,"José Camaña Laymón"
2407,"Chalet Ribes",39.466309212337535,-0.32541822918932267,"Casas",2.9742176530054136,"Demetrio Ribes Marco"
2471,"Grupo Escolar Cervantes",39.47723123960154,-0.38414023838176986,"Centro educativo",2.9796402409935197,"Eugenio López Aracil"
2114,"Ciudad Politécnica de la Innovación",39.47790815233789,-0.33412385227246355,"Centro educativo",2.982738283642401,"Luis Manuel Ferrer Obanos"
2534,"Casa-Museo Benlliure",39.48079775952676,-0.37895120980625435,"Museo",2.9835210348871404,"Vicente Miguel Viñuelas"
2097,"Edificio Veles e Vents",39.46104499749971,-0.32407219724336744,"Espacio cultural",2.984704498989772,"David Chipperfield, Fermín Vázquez (b720 Arquitectos)"
2356,"Edificio Barberá",39.47653981217454,-0.38519397750472956,"Edificio de viviendas",2.9957837319391385,"Miguel López González"
2363,"Edificio Montesinos Andreu",39.478138777710356,-0.3832745356657898,"Edificio de viviendas",2.9965922966385454,"José Peris Martínez"
2566,"Edificios Na Jordana",39.479895280123536,-0.3808210379325408,"Edificio de viviendas",3.0012053332599375,"Carlos Spain Pérez"
2393,"Edificio Zeluán",39.48375936627005,-0.3725980832535172,"Edificio de viviendas",3.002157060402966,"Lorenzo Criado Oltra"
2147,"Escuela Técnica Superior de Ingeniería del Diseño",39.48059326853184,-0.3377867635634636,"Centro educativo",3.0022441208312456,"AIC Equip"
2247,"Edificio Aviación",39.48549943093601,-0.3654587877450981,"Edificio de viviendas",3.005670891302534,"Camilo Grau Soler, Joaquín García Sanz, Camilo Grau García"
2357,"Edificio Requena",39.47669151333918,-0.38519854268960146,"Edificio de viviendas",3.007104534184044,"Alfonso Fungairiño Nebot"
2594,"Iglesia de San Miguel y San Sebastián",39.47515475148033,-0.3868816348772462,"Edificio religioso",3.012623792772952,"José Cardona y Pertusa"
2401,"Casa Mira",39.4860743177752,-0.36096912596105196,"Casas",3.019758293915864,""
2477,"Antigua Lonja de Pescado",39.46888866021309,-0.3258638816575236,"Mercado, Feria",3.0296182666900147,"Juan Bautista Gosálvez Navarro"
2538,"Centro Cultural La Beneficencia",39.478822780625634,-0.38304397338419544,"Museo",3.0375183543683244,"Joaquín Mª Belda Ibáñez"
2618,"Convento de San José y Santa Teresa",39.480913525618156,-0.3798382422373708,"Edificio religioso",3.0387657705490465,""
2143,"Centro de Salud Plaza de Segovia",39.4484772877604,-0.3915044341498071,"Centro de salud",3.0459292691104323,"Joaquín Sanchis Serrano, José Miquel Benito Suay"
2140,"Edificio Almenar",39.48435635578855,-0.3722515307193389,"Edificio de viviendas",3.0517804170318175,"Tonet Sunyer i Vives"
2291,"Grupo Alboraya",39.485667730243165,-0.3679669624848273,"Edificio de viviendas",3.0724042537747698,"Javier Goerlich Lleó"
2608,"Convento de Corpus Christi",39.47863473773042,-0.3839144868582471,"Edificio religioso",3.0744257253389717,"Juan Simó"
2166,"Instituto Valenciano de Arte Moderno (IVAM)",39.4797421249444,-0.38259531033407645,"Museo",3.086901780129472,"Emilio Giménez Julián, Carlos Salvadores Navarro"
2330,"Grupo Marina Auxiliante (Pavimar)",39.46891010374816,-0.3251508422677255,"Casas",3.087563379377468,"Julio Peris Pardo"
2353,"Piscinas Las Arenas",39.46733199001101,-0.3244018272974422,"Balneario, Piscinas",3.090483263021928,"Luis Gutiérrez Soto"
2145,"E.T.S. Ingeniería Geodésica y Cartografía",39.48152437919154,-0.3375761066604696,"Centro educativo",3.0963425808158775,"Vetges Tu i Mediterrània SLP"
2371,"Edificios Carbonell",39.483011461631136,-0.3770590346266515,"Edificio de viviendas",3.1015118826826797,"Emilio Artal Fos"
2579,"Jardín Botánico",39.47686093592236,-0.3867049675516792,"Espacio público",3.1179295187855036,"Cristobal Sales"
2459,"Hospital València al Mar (Antiguo Asilo de San Juan de Dios)",39.47704534071619,-0.3309030814374608,"Centro de salud",3.1219463739755455,"Francisco Mora Berenguer"
2075,"Edificio Acontrapeu",39.4870635917877,-0.358805978780055,"Oficina",3.123670453597948,"Carmel Gradolí i Martínez, Arturo Sanz Martínez"
2171,"Jardín de Enrique Granados",39.46172009070348,-0.3951167925169478,"Espacio público",3.1382951985367056,"Luis López Silgo"
2122,"Casa AYM",39.487345900133846,-0.3586017340652795,"Casas",3.155076414414438,"Manuel Cerdá Pérez"
2545,"Nuevo Campus de la Universidad Europea (Antiguo asilo de San Juan Bautista)",39.479017228675964,-0.38479902942614697,"Centro educativo",3.158139570409179,"Sebastián Monleón Estellés"
2691,"Puente de San José",39.48222566197611,-0.3803283652481229,"Puentes",3.1814244852240363,"Jeroni Negret, Sebastià Gurrea"
2191,"Grupo Residencial Malva-rosa",39.479290546775054,-0.3324229786409007,"Edificio de viviendas",3.1946508077494453,"Jorge Stuyck del Portillo, Alberto Sanchís Pérez"
2337,"Edificio y Fábrica Buch",39.47521080447898,-0.3895350694747693,"Edificio de viviendas",3.2017070648185726,"Luis Albert Ballesteros"
2087,"Centro Cultural La Rambleta",39.44726125640065,-0.3928287936035457,"Espacio cultural",3.2038195130427716,"Carmel Gradolí i Martínez, Arturo Sanz Martínez"
2531,"Iglesia del Colegio de San José",39.47657088036103,-0.3883350558117849,"Edificio religioso",3.2071389345141115,"Joaquín Mª Belda Ibáñez"
2442,"Casa Caridad",39.47837131407781,-0.38676466620546646,"Casa de caridad",3.2314625653941986,"Antonio Martorell Trilles"
2684,"Pont de les Arts",39.48108705224536,-0.38344563321632213,"Puentes",3.2475133130023703,"Carlos Fernandez Casado S.L., Leonardo Fernandez, Javier Manterola, Miguel A. Ástiz, José Cuervo, Agustín Sevilla"
2069,"Jardín de Morvedre",39.48574520950037,-0.37385111460122605,"Espacio público",3.2475296179169963,"Jacobo Ríos-Capapé y Carpi, Adolfo Vigil de Insausti"
2126,"Complejo escolar Rodríguez-Fornos",39.46027909711688,-0.396641888168031,"Centro educativo",3.2575884462401437,"Lluís Clotet Ballús, Ignacio Paricio Ansuátegui"
2252,"Grupo Residencial Agentes Comerciales. Sección F (Santa María Micaela)",39.4720444291743,-0.3928037100070315,"Edificio de viviendas",3.26591302769459,"Santiago Artal Ríos"
2134,"Jardín de las Hespérides",39.47751254315743,-0.38826873755892755,"Espacio público",3.2676493519098573,"Mª Teresa Santamaría, Carlos Campos González, Miguel del Rey Aynat, Antonio Gallud Martínez"
2125,"Parque de la Rambleta",39.445578383313084,-0.3936410337086771,"Espacio público",3.346666061949626,"Carmel Gradolí i Martínez, Arturo Sanz Martínez, Taller de Jardinería Babilonia"
2453,"Central eléctrica de Nou Molés",39.47144009225507,-0.3943123985334649,"Patrimonio industrial",3.354061114856202,"Vicente Rodríguez Martín"
2478,"Casa Escrivá (Antiguo Chalet Lloret)",39.475619131793756,-0.3261137440172534,"Casas",3.356761041250345,"Vicente Bochons Llorente"
2291,"Grupo Residencial Agentes Comerciales. Sección D (Finca FERCA)",39.47674271936313,-0.39079054010795233,"Edificio de viviendas",3.387689641412497,"José Luis Testor Gómez"
2211,"Grupo Residencial Antonio Rueda",39.46478001843494,-0.3975202554903761,"Edificio de viviendas",3.39170236654288,"Vicente Valls Abad, Joaquín García Sanz, Luis Marés Feliu"
2437,"Convento de Santa Clara",39.472499124550666,-0.3944639376871467,"Edificio religioso",3.416080177336843,"Ramón Lucini Callejo"
2257,"Colegio Inmaculado Corazón de María (Congregación Madres Desamparados y San José de la Montaña)",39.47371140083309,-0.39366911079960365,"Centro educativo",3.417492687944536,"Agustín Borrell Sensat"
2185,"Edificio Cooperativa Ntra. Sra. Virgen de los Llanos",39.488240485717014,-0.37103604611955643,"Edificio de viviendas",3.4215187605323045,"Vicente M. Vidal Vidal, Juan Luis Piñón Pallarés, Vicente Colomer Sendra, Luis Alonso de Armiño Pérez"
2259,"Grupos Escolares Plan Riada",39.479220193549345,-0.32863937176861524,"Centro educativo",3.426817450026758,"Rafael Fernández-Huidobro Pineda, Pablo Pintado y Riba"
2637,"Ermita de Vera",39.485398045633865,-0.3377520179059223,"Edificio religioso",3.4465036448548902,""
2200,"Viviendas experimentales M-IV-SIC",39.48190323779768,-0.3868863314115591,"Casas",3.512976439507761,"GO.DB. Arquitectos asociados"
2194,"Grupo Residencial Virgen de los Llanos",39.489203540380984,-0.37185286083080954,"Edificio de viviendas",3.5451716589845432,"Juan de Otegui Tellería, Alberto Sanchís Pérez, Rafael Soler Verdú, Vicente M. Vidal Vidal"
2504,"Complejo La Petxina (Antiguo Matadero Municipal)",39.47533084320303,-0.3944662259816371,"Instalación deportiva",3.566064324812177,"Luis Ferreres Soler"
2655,"Biblioteca Joanot Martorell (Alquería de Barrinto)",39.48645919042519,-0.3812369732477623,"Alquería",3.6155874066173963,""
2406,"Chalet Montesinos",39.47980685228071,-0.32614061958830276,"Casas",3.632524134746619,"Luis Ferreres Soler"
2578,"Cementerio",39.44821122782413,-0.3991641978975471,"Cementerio",3.671620313351307,"Cristobal Sales"
2369,"Bombas Gens",39.48558708832983,-0.38505632873559986,"Museo",3.72330674751449,"Cayetano Borso di Carminati González"
2133,"Parque de Marxalenes",39.48711755737708,-0.38231394531363844,"Espacio público",3.7270551305961854,"Amparo Medina Piles, Taller de Jardinería Babilonia"
2077,"Edificio multiusos Benimaclet",39.49302802730511,-0.3586537179281856,"Espacio cultural",3.7868858476302907,"Manuel Cerdá Pérez, Joaquín Asensi Roig"
2483,"Casa-Museo Blasco Ibáñez",39.48268369267724,-0.325965720822587,"Museo",3.8553442553104746,"Vicente Bochons Llorente"
2060,"Servicio de emergencias sanitarias de la C.V.",39.4847826407564,-0.38937784111208873,"Centro de salud",3.892987692506464,"Mª Dolores Contell Jurado, Juan Miguel Martínez López, Manuel Vega Uyá"
2109,"Instituto de educación secundaria Rascanya Antonio Cañuelo",39.49438285081639,-0.3607243788834338,"Centro educativo",3.9412300622743315,"Jose Manuel Barrera Puigdollers, (Inaval SL)"
2101,"Edificio Layetana",39.47010222554603,-0.4023992412317649,"Edificio de viviendas",3.947392014310193,"Carmel Gradolí i Martínez, Arturo Sanz Martínez"
2632,"Casa de la Música (Alquería de Julià)",39.47305776108404,-0.40130486848521624,"Alquería",3.9758476364079267,""
2641,"Iglesia de Nuestra Señora del Sagrado Corazón",39.49474958688021,-0.36613841792234264,"Edificio religioso",4.028737701592633,""
2112,"Centro de actividades de personas mayores Sant Pau",39.477189026219044,-0.39950067995141786,"Centro de día",4.043357603790225,"Adolfo Herrero Colás"
2106,"Centro de Salud Campanar",39.47750072315866,-0.4002694188899606,"Centro de salud",4.117825793340044,"San Juan Arquitectura SL"
2152,"Depósito Sur y Talleres centrales de la EMT",39.44973091627187,-0.4053263319237391,"Transporte",4.13007563172334,"Miguel Colomina Barberá, Luis Carratalá Calvo, Juan Luis Piñón Pallarés"
2512,"Ciudad Administrativa 9 de Octubre (Antigua Cárcel Modelo)",39.47163846480393,-0.40405419421981537,"Edificio administrativo",4.137488822910888,"Joaquín Mª Belda Ibáñez"
2174,"Instituto Conselleria",39.485002482318265,-0.39351177205841253,"Centro educativo",4.1579778353428845,"Carlos Salvadores Navarro, Manuel Giménez Condón"
2630,"Iglesia de Nuestra Señora de la Misericordia de Campanar",39.4819793966207,-0.3973360272081764,"Edificio religioso",4.186142206748504,""
2261,"Grupo Residencial Virgen de la Fuensanta",39.46490064424324,-0.4069156392195011,"Edificio de viviendas",4.188422298856076,"Mauro Lleó Serret, José Ramón Pons Ibáñez, J. Antonio Pastor Pastor, Carlos Soria Pérez, Camilo Grau Soler"
2418,"Convento de Recoletas de San Agustín",39.48931805106459,-0.3877522360524084,"Edificio religioso",4.1939872060734595,"Manuel Peris Ferrando"
2130,"Instituto Valenciano de Infertilidad (IVI)",39.47919409439276,-0.4005558195895608,"Centro de salud",4.235968943717925,"Dolores Alonso Vera, Javier García-Solera Vera"
2057,"Torre Solar",39.43453264099487,-0.3968881595727382,"Edificio de viviendas",4.256482262352169,"Ábalos + Sentkiewicz AS +"
2292,"Hospital General",39.46850600391681,-0.40777730266183576,"Centro de salud",4.341505471015288,"Luis Albert Ballesteros"
2683,"Pont Nou d´Octubre",39.473849809967135,-0.40577228710285457,"Puentes",4.363568410638321,"Santiago Calatrava Valls"
2514,"Fábrica de mayólicas La Ceramo",39.49049635020614,-0.39082292029865773,"Patrimonio industrial",4.457930616299341,""
2568,"Museo de Historia de València (Antiguo depósito de agua)",39.472515089127455,-0.40828425180617195,"Museo",4.512194782723457,"Idelfonso Cerdá Sunyer (Ing.), Leodegario Marchessaux (Ing.)"
2118,"Centro de Salud Miguel Servet",39.48804375083302,-0.3954671631851005,"Centro de salud",4.515594685284736,"Tomás Guitarte Gimeno"
2235,"Escuelas Profesionales San José",39.48626247053097,-0.3979210197762126,"Centro educativo",4.530124760827558,"Cayetano Borso di Carminati González, Rafael Contel Comenge"
2225,"Colegio Pureza de María",39.470353341053645,-0.4094361730550141,"Centro educativo",4.532688896239125,"Mauro Lleó Serret"
2091,"Escuela infantil municipal y Colegio de educación infantil y primaria Pinedo",39.422195566358816,-0.335263123114281,"Centro educativo",4.55909040790988,"Luís Francisco Herrero García, Carlos Ferrandis Guillén"
2657,"Ermita de San Miguel de Soternes",39.46882664116538,-0.4104234288094025,"Edificio religioso",4.570530773920941,""
2629,"Biblioteca Valenciana (Monasterio de San Miguel de los Reyes)",39.49932940053045,-0.36909091191561655,"Biblioteca",4.574736106661686,"Alonso de Covarrubias, Juan de Vidaña"
2119,"Parque de Cabecera",39.4752370649421,-0.40820630915353723,"Espacio público",4.615792437189739,"Arancha Muñoz Criado, Eduardo de Miguel Arbonés, Vicente Corell Farinós"
2697,"Cruz de Mislata",39.472797337759474,-0.40945857590952245,"Cruces de término",4.617690228984848,""
2076,"Biblioteca municipal Carmelina Sánchez-Cutillas",39.494352083234695,-0.38725370187257724,"Biblioteca",4.633437980005454,"Manuel Cerdá Pérez, Joaquín Asensi Roig"
2095,"Ciudad Ros Casares",39.46061023587955,-0.41291098904405255,"Oficina",4.6546105959792685,"Mark Fenwick, Javier Iribarren"
2094,"CREAP. Centro de atención a personas con trastorno mental grave",39.48153046058921,-0.4047500084499669,"Centro de salud",4.679021830490466,"Pablo Peñín Llobell, Alberto Peñín Ibáñez, Alberto Peñín Llobell"
2117,"Fundación de Oftalmología Médica",39.480974556901636,-0.4060504735760344,"Centro de salud",4.741453203243224,"Tomás Guitarte Gimeno, Jose María Canosa Nuñez"
2621,"Alquería de Falcó",39.49813983352445,-0.3806623944937641,"Alquería",4.744510398426203,""
2212,"Edificio SEAT",39.470522561113846,-0.41204083487293264,"Oficina",4.752847431571548,"Mauro Lleó Serret"
2073,"Centro multifuncional Casa Caridad",39.494415564717436,-0.39043994468026616,"Casa de caridad",4.789354506752094,"Miguel del Rey Aynat, Juan Ignacio Fuster Marco"
2078,"Escuela infantil municipal Sant Pau",39.48514261751645,-0.405418574952019,"Centro educativo",4.952312405137251,"José Martí Cunquero, Dolors Aparici Galdón"
2157,"Edificio de oficinas de FGV",39.441007446874444,-0.41200101989903315,"Oficina",4.9907611187794325,"Carlos Salvadores Navarro"
2656,"Alqueria Fonda",39.50163519392835,-0.3802748821243561,"Alquería",5.091433504597872,""
2576,"Alquería Nova de Sant Josep",39.50010928175839,-0.38479921029817643,"Alquería",5.091974940394242,""
2179,"Parque de Benicalap",39.49761881321957,-0.3966510930472616,"Espacio público",5.390495370013932,"Luis Jiménez de la Iglesia"
2138,"Jardín de Polifilo",39.492353933416695,-0.40469714951478675,"Espacio público",5.416757833527029,"Citerea SL, Carmen Añón Feliú, Jonathan Maher"
2061,"Edificio Torre Luz (Torre Ikon)",39.494254550819065,-0.402788094449319,"Edificio de viviendas",5.448717333412869,"Ricardo Bofill"
2673,"Alquería dels Moros",39.499187575930556,-0.39600705439321293,"Alquería",5.498197328254701,""
2150,"Palacio de Congresos",39.49622789818862,-0.40203635992752224,"Espacio cultural",5.565451888440441,"Norman Foster (Foster & Partners)"
2598,"Alquería de la Torre",39.49965610832501,-0.3973026677191845,"Alquería",5.605582849262084,""
2698,"Cruz cubierta de Almàssera",39.512219982233155,-0.36348541191638084,"Cruces de término",5.934946728682114,""
2583,"Iglesia de Santa Ana de Borbotó",39.51529152087486,-0.39047080577223137,"Edificio religioso",6.829041703210294,"Antonio Gilabert Fornés"
2067,"Parque Lineal de Benimamet",39.50188923962495,-0.417226922713759,"Espacio público",6.926405517948121,"Oficina Técnica TES"
2163,"Velódromo Lluís Puig",39.50068930535216,-0.42728363659380675,"Instalación deportiva",7.492049698445191,"Luis Hernández Úbeda, Victor Iñurria Montero"
2198,"Feria Valencia",39.503699962373645,-0.428780764727463,"Mercado, Feria",7.802279616406398,"Guillaume Jullian de la Fuente, Román Jiménez Iranzo, Carlos Soria Pérez, José Oubrerie"
2597,"Casa de la Demanà",39.38240211276177,-0.3333456725996557,"Casas",8.789039755222982,""
2113,"Parque de Bomberos El Saler",39.360643573195404,-0.3278145747043894,"Parque de bomberos",11.251674017525394,"Josep Cano Pérez, Consuelo Morató Moreno"
2197,"Poblado de verano Les Gavines",39.35600466536905,-0.3241417576719382,"Casas",11.82888009744354,"GO.DB. Arquitectos asociados"
2099,"Parador nacional de turismo Luis Vives",39.32074886134444,-0.30216901996211976,"Hotel, Colegio Mayor",16.12009047509876,"Jose María Canosa Nuñez, Fernando Martinez Hoz, (Arquitectura y Urbanismo Tres)"
2282,"Grupo Residencial Marqués de Valterra",39.30815271979137,-0.2979744605758634,"Edificio de viviendas",17.564533082935558,"Carlos de Miguel González"
2218,"Urbanización Tres Carabelas (Recatí II)",39.287778573726555,-0.28297134539841506,"Edificio de viviendas",20.118983319912594,"Vicente Valls Abad, Joaquín García Sanz"